Well,Test number,Top depth,Base depth,Choke size [mm],Final shut-in pressure [MPa],Final flow pressure [MPa],Bottom hole pressure [MPa],Oil [Sm3/day],Gas [Sm3/day],Oil density [g/cm3],Gas grav. rel.air,GOR [m3/m3],Downhole temperature [Â°C]
1/2-1,1.0,3122.3,3137.0,25.4,0.0,0.0,0.0,859,57000,0.81,0.0,66,0
1/3-1,1.0,4585.0,4602.0,12.5,80.0,61.0,0.0,0,1132,0.0,0.0,0,0
1/3-1,2.0,4565.0,4602.0,12.5,52.0,40.0,0.0,0,6626,0.0,0.0,0,0
1/3-1,3.0,3356.0,3361.0,12.5,70.0,50.0,0.0,0,28317,0.0,0.0,0,0
1/3-10,1.0,3158.0,3288.0,19.0,9.0,0.0,38.0,457,212453,0.791,0.855,465,0
1/3-3,1.0,4529.0,4552.0,25.4,0.0,0.0,0.0,0,0,0.0,0.0,0,0
1/3-3,2.0,4233.0,4240.0,9.5,0.0,0.0,0.0,0,0,0.0,0.0,0,0
1/3-3,3.1,4202.0,4208.0,50.8,0.0,0.0,0.0,0,0,0.0,0.0,0,0
1/3-3,3.3,4211.0,4214.0,6.4,0.0,0.0,0.0,143,28000,0.829,0.82,196,165
1/3-6,1.0,2960.5,2977.0,17.5,0.0,3.0,0.0,78,93300,0.78,0.78,1196,107
1/3-6,2.0,2913.0,2953.0,15.8,0.0,6.8,0.0,153,172500,0.771,0.735,1131,112
1/3-7,1.1,3183.5,3215.5,12.5,0.0,30.0,0.0,49,16783,0.806,0.0,364,119
1/3-7,2.0,3183.5,3220.0,12.5,0.0,40.0,41.0,137,37762,0.79,0.0,281,126
1/5-2,1.0,3338.0,3363.0,0.0,0.0,0.0,0.0,5,0,0.87,0.0,0,0
1/5-2,2.0,3152.0,3174.0,21.4,0.0,0.0,0.0,500,180662,0.81,0.0,361,0
1/5-2,3.0,3076.0,3103.0,0.0,0.0,0.0,0.0,15,0,0.0,0.0,0,0
1/5-2,4.0,2832.0,2841.0,0.0,0.0,0.0,0.0,37,16707,0.82,0.0,456,0
1/6-1,1.0,3820.0,3833.0,0.0,0.0,0.0,0.0,0,0,0.0,0.0,0,0
1/6-1,2.0,3621.0,3633.0,12.0,0.0,0.0,0.0,32,16980,0.832,0.0,0,0
1/6-1,3.0,3271.0,3280.0,25.4,0.0,0.0,0.0,352,466893,0.794,0.69,0,0
1/6-1,4.0,3153.0,3159.0,25.4,0.0,0.0,0.0,24,51959,0.796,0.745,0,0
1/6-5,1.0,1722.0,1740.89,9.5,0.0,0.0,0.0,0,0,0.0,0.0,0,98
1/6-6,1.0,5391.0,5407.0,12.7,48.0,12.0,0.0,0,4300,0.0,0.67,0,0
1/9-1,1.0,3298.0,3310.0,19.0,0.0,0.0,0.0,0,0,0.0,0.0,0,120
1/9-1,2.0,3210.0,3220.0,19.0,0.0,0.0,0.0,0,0,0.0,0.0,0,116
1/9-1,3.0,3174.0,3182.0,19.0,0.0,0.0,0.0,0,0,0.0,0.0,0,117
1/9-1,4.0,3148.0,3157.0,9.5,0.0,41.0,0.0,420,154000,0.849,0.699,380,120
1/9-1,5.0,3120.0,3133.0,9.5,0.0,27.0,0.0,460,251000,0.818,0.68,550,120
1/9-1,5.1,3129.0,3133.0,5.0,21.0,0.0,0.0,98,45000,0.836,0.71,600,121
1/9-1,6.0,3105.0,3109.0,8.4,14.3,0.0,0.0,127,130000,0.796,0.708,990,118
1/9-1,7.0,3082.0,3088.0,0.0,0.0,0.0,0.0,0,0,0.0,0.0,0,0
1/9-1,8.0,3055.0,3068.0,4.6,11.1,0.0,0.0,90,218000,0.76,0.691,2336,116
1/9-1,8.1,3055.0,3068.0,18.3,13.3,0.0,0.0,1007,0,0.0,0.0,0,111
1/9-2,1.0,3197.0,3209.0,0.0,0.0,0.0,0.0,0,0,0.0,0.0,0,0
1/9-2,2.0,3130.0,3154.0,0.0,0.0,0.0,0.0,0,0,0.0,0.0,0,0
1/9-3,1.0,3205.0,3214.0,19.0,0.0,0.0,0.0,0,0,0.0,0.0,0,0
1/9-3,2.0,3157.0,3180.0,9.5,0.0,0.0,0.0,8,4800,0.0,0.84,0,0
1/9-3,3.0,3126.0,3125.0,0.0,0.0,0.0,0.0,0,0,0.0,0.0,0,0
1/9-3,4.0,3094.0,3112.0,19.0,0.0,0.0,0.0,397,648400,0.0,0.77,0,120
1/9-4,1.0,3292.0,3296.0,19.0,0.0,0.0,0.0,16,30582,0.79,0.0,0,0
1/9-4,2.0,3235.0,3255.0,19.0,0.0,0.0,0.0,592,673944,0.79,0.0,0,0
1/9-4,3.0,3176.0,3198.0,19.0,0.0,0.0,0.0,0,311487,0.0,0.0,0,0
1/9-4,4.0,3137.0,3127.0,19.0,0.0,0.0,0.0,223,498379,0.77,0.69,0,0
1/9-6 S,1.0,3771.6,3776.8,0.0,0.0,0.0,0.0,0,0,0.0,0.0,0,0
1/9-6 S,2.0,3636.3,3654.6,11.1,0.0,0.0,0.0,500,530000,0.799,0.705,1115,0
1/9-6 S,3.0,3523.5,3587.5,17.4,0.0,0.0,0.0,700,850000,0.828,0.687,1215,0
1/9-6 S,4.0,3417.0,3459.0,22.2,0.0,0.0,0.0,605,850000,0.878,0.695,1406,0
15/12-16 S,1.0,2850.0,2884.0,28.6,0.0,0.0,0.0,332,1190000,0.0,0.692,3600,0
15/12-19,1.0,3088.0,3102.0,11.0,0.0,0.0,0.0,318,29450,0.0,0.68,93,131
15/12-19,2.0,3036.0,3102.0,17.5,0.0,0.0,0.0,657,156621,0.0,0.68,239,131
15/12-19,3.0,3023.0,3102.0,22.0,0.0,0.0,0.0,396,831297,0.0,0.68,2102,127
15/12-21,1.0,3099.0,3158.0,8.0,3.0,0.0,27.0,161,3847,0.0,0.0,24,120
15/12-21,2.0,3030.0,3059.0,8.0,1.6,0.0,26.0,90,3003,0.0,0.0,33,117
15/12-23,1.0,3181.0,3233.0,6.3,0.0,0.0,0.0,84,4159,0.0,0.0,50,0
15/12-5,1.0,2926.0,2936.0,15.9,33.0,24.0,34.0,560,46000,0.9,0.0,81,0
15/12-6 S,1.0,2922.0,2930.0,12.7,0.0,10.0,0.0,154,11683,0.85,0.795,76,123
15/12-6 S,2.0,2875.0,2895.0,15.9,0.0,8.0,0.0,866,52530,0.843,0.74,61,127
15/12-8,1.0,2838.0,2869.0,15.9,0.0,0.0,0.0,420,550000,0.0,0.817,1308,123
15/12-9 S,1.0,3545.0,0.0,19.0,0.0,2.0,0.0,0,0,0.0,0.0,0,0
15/12-9 S,2.0,3385.0,0.0,20.6,0.0,100.0,0.0,1520,0,0.852,0.751,87,0
15/3-3,1.0,4967.0,4990.0,18.7,0.0,0.0,0.0,0,0,0.0,0.0,0,0
15/3-3,2.0,4615.0,4615.0,12.7,0.0,0.0,0.0,0,520000,0.0,0.0,8600,0
15/3-4,1.0,3789.0,3807.0,15.8,0.0,0.0,0.0,615,245000,0.816,0.803,399,0
15/3-8,1.0,4141.0,4183.0,12.7,3.5,0.0,7.0,733,0,0.0,0.0,473,133
15/3-8,2.0,4073.0,4087.0,11.0,4.0,0.0,7.5,670,0,0.0,0.0,500,130
15/5-1,1.0,3610.0,3614.0,4.8,0.0,0.0,0.0,18,33700,0.81,0.0,1861,0
15/5-1,2.0,3561.0,3584.0,19.0,0.0,0.0,0.0,474,622900,0.8,0.0,1320,0
15/5-4,1.0,2124.0,2136.0,25.4,0.0,0.0,0.0,0,0,0.0,0.0,0,68
15/5-5,1.0,2154.0,2183.0,23.8,0.0,0.0,18.0,575,36000,0.864,0.868,63,79
15/6-11 A,1.0,4148.0,4180.0,12.7,0.0,0.0,22.0,120,220000,0.0,0.0,0,118
15/6-3,1.0,3514.0,3520.0,12.5,0.0,0.0,0.0,165,974099,0.817,0.0,5903,0
15/6-6,1.0,3568.0,3578.0,22.2,0.0,0.0,0.0,278,835000,0.793,0.762,3003,0
15/8-1,1.0,4079.0,4085.0,19.1,0.0,0.0,0.0,316,427000,0.754,0.851,1351,0
15/8-1,2.0,3911.0,3926.0,16.7,0.0,0.0,0.0,399,486000,0.811,0.944,1218,0
15/8-1,3.0,3688.0,3697.0,22.2,0.0,0.0,0.0,408,657000,0.846,0.84,1610,0
15/8-1,4.0,3543.0,3653.0,22.2,0.0,0.0,0.0,290,550000,0.799,0.832,1897,0
15/9-1,1.0,3655.0,3660.0,19.0,0.0,0.0,0.0,211,40210,0.89,0.738,191,0
15/9-1,2.0,3602.0,3607.0,25.0,0.0,0.0,0.0,129,736242,0.78,0.703,5700,0
15/9-11,1.0,2797.0,2807.0,16.7,0.0,0.0,0.0,238,517000,0.75,0.73,2172,0
15/9-11,2.0,2432.0,2440.0,12.7,0.0,0.0,0.0,104,234000,0.75,0.72,2248,0
15/9-11,3.0,2395.0,2415.0,19.0,0.0,0.0,0.0,266,570000,0.75,0.734,2142,0
15/9-12,1.0,3585.0,3595.0,25.4,0.0,0.0,0.0,253,762000,0.79,0.77,3011,0
15/9-12,2.0,3512.0,3522.0,25.4,0.0,0.0,0.0,234,807000,0.79,0.76,3448,0
15/9-13,1.0,2765.0,2769.0,25.4,0.0,0.0,0.0,388,804000,0.783,0.742,2073,0
15/9-13,2.0,2422.0,2427.0,25.4,0.0,0.0,0.0,401,758000,0.76,0.702,1891,0
15/9-15,1.0,2880.0,2890.0,25.0,0.0,0.0,0.0,188,467000,0.77,0.736,2551,0
15/9-15,2.0,2830.0,2850.0,22.0,0.0,0.0,0.0,202,510000,0.767,0.74,2507,0
15/9-17,1.0,2802.0,2814.0,19.0,0.0,0.0,0.0,210,590000,0.0,0.0,2800,0
15/9-17,2.0,2726.0,2741.0,19.0,0.0,0.0,0.0,205,570000,0.0,0.0,2780,0
15/9-17,3.0,2381.0,2414.0,19.0,0.0,0.0,0.0,280,525000,0.0,0.0,1875,0
15/9-19 A,1.0,3099.0,3102.0,15.1,0.0,3.0,21.0,200,27000,0.892,0.738,90,112
15/9-19 A,2.0,3046.0,3081.0,13.5,9.0,9.0,32.0,528,38107,0.902,0.73,72,111
15/9-19 SR,1.0,4316.0,4338.0,12.7,0.0,0.0,0.0,680,66640,0.87,0.74,98,0
15/9-5,1.0,3617.0,3647.0,25.0,0.0,0.0,0.0,218,768,0.799,0.768,3,0
15/9-5,2.0,3588.0,3593.0,0.0,0.0,0.0,0.0,229,865,0.811,0.886,4,0
15/9-5,3.0,3511.0,3521.0,0.0,0.0,0.0,0.0,206,813,0.0,0.0,4,0
15/9-6,1.0,3671.0,3674.0,0.0,0.0,0.0,0.0,0,0,0.0,0.0,0,0
15/9-6,2.0,3637.0,3638.0,0.0,0.0,0.0,0.0,0,0,0.0,0.0,0,0
15/9-6,3.0,3555.0,3565.0,0.0,0.0,0.0,0.0,0,0,0.0,0.0,0,0
15/9-7,1.0,3671.0,3674.0,9.5,0.0,0.0,0.0,38,194000,0.797,0.78,5107,0
15/9-7,2.0,3637.0,3638.0,9.5,0.0,0.0,0.0,93,322000,0.79,0.775,3461,0
15/9-7,3.0,3555.0,3565.0,25.4,0.0,0.0,0.0,243,913000,0.792,0.775,3760,0
15/9-8,1.0,3450.0,3460.0,36.1,0.0,0.0,0.0,255,820000,0.78,0.74,3200,121
15/9-9,1.0,2414.0,2421.0,0.0,0.0,0.0,0.0,0,0,0.0,0.0,0,0
15/9-9,2.0,2386.0,2392.0,25.4,0.0,0.0,0.0,295,580000,0.74,0.74,0,0
15/9-9,3.0,2323.0,2332.0,25.4,0.0,0.0,0.0,271,590000,0.74,0.74,0,0
16/1-10,1.0,1920.0,1958.0,25.4,0.0,16.2,0.0,2,0,0.0,0.0,0,80
16/1-10,2.0,1897.0,1910.0,12.7,6.0,17.0,0.0,338,35500,0.0,0.0,105,82
16/1-11,1.0,0.0,0.0,24.0,0.0,0.0,0.0,525,0,0.0,0.0,0,98
16/11-2,2.0,2251.0,2262.0,0.0,0.0,0.0,0.0,0,0,0.0,0.0,0,0
16/11-2,3.0,2231.0,2242.0,0.0,0.0,0.0,0.0,0,0,0.0,0.0,0,0
16/1-15,1.0,1926.0,1960.0,15.8,0.0,0.0,0.0,105,0,0.0,0.0,0,0
16/1-15,2.0,1917.0,1920.0,15.8,0.0,0.0,0.0,620,0,0.0,0.0,0,0
16/1-18,1.0,1938.9,1951.6,11.1,0.0,0.0,0.0,135,12000,0.0,0.0,88,40
16/1-25 S,1.0,2006.83,2029.26,14.3,0.0,0.0,0.0,47,13300,0.0,0.0,280,0
16/1-8 R,1.0,1944.6,1959.0,7.9,0.0,11.3,0.0,74,6400,0.0,0.0,87,0
16/1-8 R,2.0,1926.0,1936.0,15.9,0.0,18.0,0.0,564,53000,0.0,0.0,94,0
16/2-11,1.0,1934.5,1943.3,16.0,0.0,0.0,0.0,430,0,0.0,0.0,0,0
16/2-17 S,1.0,1929.0,1937.0,17.4,0.0,0.0,0.0,470,15400,0.0,0.0,0,77
16/2-17 S,2.0,1875.0,1914.0,20.6,0.0,0.0,0.0,1050,20300,0.0,0.0,0,74
16/2-5,1.0,1885.0,1902.0,23.8,0.0,19.0,0.0,0,120000,0.0,0.0,0,71
16/2-6,1.0,1931.8,1938.15,20.6,0.0,0.0,0.0,780,0,0.0,0.0,0,0
16/3-4,1.0,1923.0,1936.0,20.6,0.0,0.0,0.0,885,18200,0.883,0.0,20,83
16/3-5,1.0,1918.0,1945.0,16.0,0.0,0.0,0.0,740,16000,0.0,0.0,17,0
16/3-8 S,1.0,1964.08,1979.2,20.6,0.0,0.0,0.0,779,0,0.0,0.0,0,0
16/4-6 S,1.0,1960.6,1980.6,18.4,0.0,0.0,0.0,325,0,0.0,0.0,180,0
16/4-8 S,1.0,1940.0,1958.0,11.1,0.0,0.0,0.0,63,12030,0.0,0.0,192,44
16/4-9 S,1.0,1981.0,2001.9,11.1,0.0,0.0,0.0,136,23400,0.0,0.0,172,78
16/7-4,1.0,2590.0,2597.0,16.7,0.0,0.0,0.0,199,385110,0.75,0.79,1938,0
16/7-4,2.0,2525.0,2535.0,16.7,0.0,0.0,0.0,253,472890,0.74,0.8,1871,0
16/7-7 S,1.0,2752.0,2785.0,17.4,15.6,0.0,0.0,513,0,0.74,0.94,517,100
16/7-7 S,2.0,2852.0,2762.0,17.4,11.4,0.0,0.0,563,253350,0.74,0.94,450,100
17/12-1 R,1.0,2337.0,2341.0,4.7,0.0,0.0,0.0,140,4813,0.88,0.0,34,0
17/12-1 R,2.0,2316.0,2325.0,4.7,0.0,0.0,0.0,80,4277,0.86,0.0,53,0
17/12-1 R,3.0,2316.0,2342.0,3.2,0.0,0.0,0.0,159,7000,0.86,0.0,44,0
17/12-2,1.0,2166.0,2169.0,0.0,0.0,0.0,0.0,1,0,0.0,0.0,0,0
17/12-2,2.0,2157.0,2162.0,6.3,4.0,3.0,0.0,366,31820,0.887,0.0,87,0
17/12-4 A,1.0,2694.0,2760.0,12.5,24.0,0.0,16.0,400,11500,0.0,0.0,0,84
18/10-1,1.0,2414.0,2427.0,50.8,23.0,19.0,0.0,295,2850,0.834,0.724,9,67
2/1-1,1.0,3620.0,3743.0,0.0,16.0,0.0,0.0,0,14100,0.0,0.0,0,0
2/11-1,1.0,2633.0,2639.0,0.0,0.0,0.0,0.0,0,0,0.0,0.0,0,0
2/11-1,2.0,2595.0,2605.0,0.0,0.0,0.0,0.0,0,0,0.0,0.0,0,0
2/11-1,3.0,2629.0,2651.0,0.0,0.0,0.0,0.0,0,0,0.0,0.0,0,0
2/11-1,4.0,2646.0,2651.0,12.5,0.0,0.0,0.0,72,0,0.0,0.0,0,0
2/11-2,1.0,2672.0,2680.0,0.0,0.0,0.0,0.0,0,0,0.0,0.0,0,0
2/11-2,2.0,2643.0,2665.0,0.0,0.0,0.0,0.0,545,82120,0.83,0.0,194,0
2/11-3 A,1.0,3268.0,3280.0,9.5,0.0,0.0,0.0,88,12743,0.88,0.8,0,0
2/11-3 A,2.0,3230.0,3236.0,9.5,0.0,0.0,0.0,519,63429,0.84,0.69,0,0
2/11-4,1.0,2698.0,2707.0,99.0,0.0,0.0,0.0,0,0,0.0,0.0,0,0
2/11-4,2.0,2588.0,2595.0,99.0,0.0,0.0,0.0,213,32000,0.0,0.0,0,0
2/11-6 S,1.0,3875.0,3900.0,3.2,0.0,0.0,0.0,364,39000,0.0,0.0,105,0
2/11-6 S,2.0,3585.0,3706.0,7.9,0.0,0.0,0.0,223,24000,0.863,0.714,106,0
2/11-6 S,3.0,3713.0,3735.0,19.0,0.0,0.0,0.0,921,87000,0.0,0.0,95,0
2/12-1,1.0,4630.0,4647.0,9.5,0.0,0.0,0.0,1051,176000,0.828,0.835,168,0
2/12-1,2.0,4600.0,4612.0,14.3,0.0,0.0,0.0,1629,214000,0.828,0.828,131,0
2/1-3,1.0,3863.0,3872.0,15.9,0.0,0.0,0.0,226,19000,0.82,0.0,150,0
2/1-3,2.0,3838.5,3844.6,12.7,0.0,0.0,0.0,1051,55000,0.83,0.0,116,0
2/1-3,3.0,3819.0,3825.1,12.7,0.0,0.0,0.0,933,39000,0.835,0.0,108,0
2/1-4,1.0,4120.0,4129.0,0.0,0.0,0.0,0.0,0,0,0.0,0.0,0,0
2/1-4,2.0,4101.0,4117.0,6.3,0.0,0.0,0.0,182,20000,0.816,0.758,112,0
2/1-4,3.0,4061.0,4087.0,3.2,0.0,0.0,0.0,99,11000,0.823,0.75,115,0
2/1-6,1.0,4328.8,4340.0,25.4,16.0,0.0,0.0,0,0,0.0,0.0,0,0
2/1-6,2.0,4241.0,4210.0,11.1,12.5,0.0,0.0,0,0,0.0,0.0,0,0
2/1-8,1.0,3919.0,3926.0,6.4,0.0,0.0,0.0,305,0,0.826,0.74,99,0
2/1-8,2.0,3900.5,3926.0,11.1,0.0,0.0,0.0,954,0,0.825,0.825,107,0
2/1-9,1.0,4078.0,4108.0,17.4,7.0,0.0,23.6,165,90577,0.0,0.0,549,160
2/2-1,1.0,3715.0,3730.0,11.1,3.0,0.0,51.0,200,0,0.827,0.86,70,136
2/2-2,1.0,1980.0,1988.0,11.2,0.0,0.0,0.0,0,314000,0.0,0.57,0,0
2/2-5,1.0,3666.0,3670.0,7.9,0.0,0.0,0.0,600,0,0.0,0.0,44,141
2/3-1,1.0,1624.0,1637.0,11.5,0.0,0.0,0.0,0,283100,0.0,0.0,0,0
2/3-1,2.0,1588.0,1601.0,11.5,0.0,0.0,0.0,0,50000,0.0,0.0,0,0
2/4-10,1.0,3304.0,3322.0,9.5,11.0,0.0,43.0,586,1180,0.834,0.0,2,0
2/4-10,2.0,3304.0,3309.0,25.4,0.0,0.0,31.0,122,864,0.846,0.856,7,0
2/4-11,1.0,3758.0,3770.0,0.0,0.0,0.0,0.0,0,0,0.0,0.0,0,0
2/4-11,2.0,3639.0,3667.0,0.0,0.0,0.0,0.0,0,0,0.0,0.0,0,0
2/4-11,3.0,3639.0,3667.0,0.0,0.0,0.0,0.0,8,0,0.0,0.0,0,0
2/4-11,4.0,3188.0,3200.0,0.0,0.0,0.0,0.0,0,0,0.0,0.0,0,0
2/4-11,5.0,3146.0,3161.0,0.0,0.0,0.0,0.0,50,1050,0.822,0.0,0,0
2/4-17,1.0,4523.0,4638.0,0.0,0.0,0.0,0.0,0,0,0.0,0.0,0,176
2/4-17,2.0,4341.0,4387.6,15.9,0.0,0.0,0.0,774,849078,0.799,0.735,1097,160
2/4-17,2.1,4340.4,4387.6,0.0,0.0,0.0,0.0,266,0,0.0,0.0,0,0
2/4-17,2.2,4341.0,4387.6,0.0,0.0,0.0,0.0,610,0,0.0,0.0,0,0
2/4-17,2.3,4341.0,4387.6,0.0,0.0,0.0,0.0,597,0,0.0,0.0,0,0
2/4-17,2.4,4341.0,4387.6,0.0,0.0,0.0,0.0,0,0,0.0,0.0,0,0
2/4-17,2.5,4341.0,4387.6,0.0,0.0,0.0,0.0,0,0,0.0,0.0,0,0
2/4-17,2.6,4341.0,4387.6,0.0,0.0,0.0,0.0,0,0,0.0,0.0,0,0
2/4-2,1.0,3160.0,3196.0,25.4,0.0,0.0,0.0,1089,0,0.0,0.0,0,0
2/4-2,2.0,3160.0,3196.0,0.0,0.0,0.0,0.0,0,0,0.0,0.0,0,0
2/4-2,3.0,3160.0,3196.0,0.0,0.0,0.0,0.0,0,0,0.0,0.0,0,0
2/4-2,4.0,3148.0,3160.0,25.4,0.0,0.0,0.0,170,167067,0.839,0.0,0,0
2/4-3,1.0,3354.0,3363.0,25.4,0.0,0.0,0.0,0,0,0.0,0.0,0,0
2/4-3,10.0,3124.0,3224.0,19.0,28.0,0.0,38.0,595,132925,0.859,0.0,0,0
2/4-3,11.0,3015.0,3023.0,25.4,0.0,0.0,0.0,0,0,0.0,0.0,0,0
2/4-3,2.0,3332.0,3341.0,25.4,0.0,0.0,0.0,0,0,0.0,0.0,0,0
2/4-3,3.0,3317.0,3320.0,19.0,7.3,0.0,27.5,323,58581,0.855,0.0,0,0
2/4-3,4.0,3268.0,3296.0,28.5,0.0,0.0,0.0,328,62967,0.845,0.0,0,0
2/4-3,5.0,3235.0,3244.0,19.0,28.0,0.0,0.0,172,36337,0.853,0.0,0,0
2/4-3,6.0,3195.0,3226.0,6.3,28.5,0.0,46.0,166,35799,0.848,0.0,0,0
2/4-3,7.0,3195.0,3226.0,19.0,28.0,0.0,33.0,609,129812,0.854,0.0,0,0
2/4-3,8.0,3139.0,3148.0,6.0,28.0,0.0,46.0,186,39337,0.847,0.0,0,0
2/4-3,9.0,3124.0,3154.0,25.4,28.0,0.0,20.0,326,79240,0.849,0.0,0,0
2/4-4,1.0,3274.0,3284.0,25.4,0.0,0.0,0.0,0,0,0.0,0.0,0,0
2/4-4,2.0,3247.0,3256.0,25.4,0.0,0.0,0.0,0,0,0.0,0.0,0,0
2/4-4,3.0,3234.0,3237.0,25.4,0.0,0.0,0.0,0,0,0.0,0.0,0,0
2/4-4,4.0,3220.0,3226.0,19.0,27.0,4.0,15.0,168,32488,0.854,0.0,0,0
2/4-4,5.0,3177.0,3201.0,19.0,28.0,6.0,23.0,432,77655,0.848,0.0,0,0
2/4-4,6.0,3163.0,3168.0,19.0,26.0,2.0,9.0,107,26998,0.85,0.0,0,0
2/4-4,7.0,3128.0,3152.0,19.0,28.0,8.0,30.0,600,613800,0.847,0.0,1023,0
2/4-5,1.0,3165.0,3204.0,9.5,29.0,22.0,42.0,701,165696,0.838,0.896,0,0
2/4-5,2.0,3178.0,3187.0,5.6,32.0,23.0,44.0,433,94918,0.842,0.0,0,0
2/4-5,3.0,3107.0,3143.0,19.8,29.0,6.0,20.0,483,111785,0.84,0.0,0,0
2/4-5,4.0,3087.0,3098.0,25.4,0.0,0.0,0.0,0,0,0.0,0.0,0,0
2/4-5,5.0,3041.0,3075.0,9.5,25.0,16.0,34.0,411,92060,0.838,0.0,0,0
2/4-5,6.0,3043.0,3076.0,0.0,0.0,0.0,0.0,0,0,0.0,0.0,0,0
2/4-6,1.0,3370.0,3375.0,25.4,0.0,0.0,0.0,0,0,0.0,0.0,0,136
2/4-6,2.0,3271.0,3310.0,25.4,0.0,0.0,0.0,568,256736,0.812,0.0,452,0
2/4-6,3.0,3243.0,3246.0,25.4,0.0,0.0,0.0,0,0,0.0,0.0,0,0
2/4-6,4.0,3195.0,3216.0,25.4,0.0,0.0,0.0,609,221676,0.819,0.0,364,130
2/4-6,5.0,3125.0,3152.0,25.4,48.0,45.0,45.0,747,402539,0.804,0.0,539,129
2/4-7,1.0,3367.0,3370.0,0.0,0.0,0.0,0.0,0,0,0.0,0.0,0,138
2/4-7,2.0,3346.0,3349.0,0.0,0.0,0.0,0.0,0,0,0.0,0.0,0,139
2/4-7,3.0,3304.0,3329.0,0.0,0.0,0.0,0.0,551,736231,0.0,0.0,0,129
2/4-7,4.0,3250.0,3261.0,0.0,0.0,0.0,0.0,0,0,0.0,0.0,0,0
2/4-7,5.0,3176.0,3204.0,0.0,0.0,0.0,0.0,0,0,0.0,0.0,0,0
2/4-7,6.0,3176.0,3182.0,0.0,0.0,0.0,0.0,0,0,0.0,0.0,0,0
2/4-7,7.0,3189.0,3204.0,0.0,0.0,0.0,0.0,0,0,0.0,0.0,0,0
2/4-8,1.0,3194.0,3204.0,0.0,0.0,0.0,0.0,0,0,0.0,0.0,0,0
2/4-8,2.0,3185.0,3194.0,0.0,0.0,0.0,0.0,0,0,0.0,0.0,0,0
2/4-8,3.0,3181.0,3191.0,12.4,0.0,0.0,0.0,443,707028,0.885,0.0,1596,0
2/4-8,4.0,3194.0,3204.0,25.4,0.0,0.0,0.0,175,326025,0.822,0.0,1863,0
2/4-8,5.0,3091.0,3158.0,6.3,0.0,0.0,0.0,654,1316502,0.821,0.0,2013,0
2/4-8,6.0,3014.0,3042.0,11.1,0.0,0.0,0.0,360,519480,0.82,0.0,1443,0
2/4-8,7.0,2996.0,3002.0,0.0,0.0,0.0,0.0,71,133906,0.0,0.0,1886,0
2/4-9,1.0,3360.0,3369.0,38.0,0.0,0.0,0.0,121,97700,0.802,0.0,801,0
2/4-9,2.0,3308.0,3369.0,9.1,0.0,0.0,0.0,461,455900,0.802,0.0,977,0
2/4-9,3.0,3274.0,3283.0,0.0,0.0,0.0,0.0,0,0,0.0,0.0,0,0
2/4-9,4.0,3222.0,3224.0,0.0,0.0,0.0,0.0,0,0,0.0,0.0,0,0
2/5-1,1.0,3042.0,3101.0,0.0,0.0,0.0,46.0,209,223212,0.0,0.0,1068,121
2/5-1,2.0,3274.0,3277.0,0.0,0.0,0.0,0.0,0,0,0.0,0.0,0,0
2/5-1,4.0,3244.0,3248.0,0.0,0.0,0.0,0.0,425,612000,0.0,0.0,1440,0
2/5-1,5.0,3285.0,3234.0,0.0,0.0,0.0,0.0,145,0,0.0,0.0,0,0
2/5-1,6.0,3225.0,3234.0,0.0,0.0,0.0,0.0,445,0,0.0,0.0,0,0
2/5-1,7.0,3154.0,3191.0,0.0,48.0,0.0,48.0,159,203838,0.0,0.0,1282,0
2/5-1,8.0,3043.0,3056.0,0.0,0.0,0.0,0.0,230,65000,0.0,0.0,0,0
2/5-11,1.0,3381.0,3363.0,19.0,46.24,0.0,0.0,4,0,0.829,0.0,0,131
2/5-11,2.0,3329.0,3289.0,18.1,47.2,0.0,0.0,12,0,0.8,0.0,120,129
2/5-2,1.0,3511.0,3514.0,0.0,0.0,0.0,0.0,0,0,0.0,0.0,0,0
2/5-2,2.0,3350.0,3361.0,0.0,0.0,0.0,0.0,165,39643,0.0,0.0,0,0
2/5-2,3.0,3300.0,3315.0,0.0,0.0,0.0,0.0,377,96276,0.0,0.0,0,0
2/5-2,4.0,3166.0,3183.0,0.0,0.0,0.0,0.0,362,0,0.0,0.0,0,0
2/5-2,5.0,3166.0,3183.0,0.0,0.0,0.0,0.0,0,0,0.0,0.0,0,0
2/5-2,6.0,3150.0,3188.0,0.0,0.0,0.0,0.0,0,0,0.0,0.0,0,0
2/5-3,1.0,3386.0,3395.0,0.0,0.0,0.0,0.0,0,0,0.0,0.0,0,0
2/5-3,2.0,3121.0,3191.0,15.9,0.0,0.0,0.0,682,340400,0.844,0.0,464,0
2/5-3,3.0,3053.0,3065.0,12.5,0.0,0.0,0.0,682,141330,0.83,0.0,179,0
2/5-4,1.0,3137.0,3170.0,12.0,0.0,0.0,0.0,556,30500,0.8,0.0,53,0
2/5-4,2.0,3070.0,3081.0,0.0,0.0,0.0,0.0,0,0,0.0,0.0,0,0
2/5-4,3.0,3051.0,3065.0,0.0,0.0,0.0,0.0,0,0,0.0,0.0,0,0
2/5-5,1.0,3425.0,3434.0,0.0,0.0,0.0,0.0,0,0,0.0,0.0,0,0
2/5-5,3.0,3297.0,3313.0,25.4,0.0,0.0,0.0,72,12430,0.829,0.0,171,0
2/5-7,1.0,3300.0,3335.0,7.9,5.0,0.0,35.0,120,46350,0.82,0.83,27,0
2/5-7,2.0,3263.0,3287.0,14.3,14.0,0.0,29.0,121,32670,0.82,0.96,48,0
2/5-7,3.0,3210.0,3225.0,0.0,0.0,0.0,32.0,8,0,0.0,0.0,0,0
2/6-5,1.0,2955.0,2919.0,11.1,44.0,30.0,0.0,8,0,0.831,0.0,0,117
2/7-1,1.0,2942.0,2975.0,0.0,0.0,0.0,0.0,0,0,0.0,0.0,0,0
2/7-10,1.0,3313.0,3322.0,0.0,0.0,0.0,0.0,0,0,0.0,0.0,0,0
2/7-10,3.0,3289.0,3301.0,0.0,0.0,0.0,0.0,0,0,0.0,0.0,0,0
2/7-10,5.0,3245.0,3261.0,0.0,0.0,0.0,0.0,0,0,0.0,0.0,0,0
2/7-10,6.0,3219.0,3237.0,0.0,0.0,0.0,0.0,0,0,0.0,0.0,0,0
2/7-10,7.0,3203.0,3210.0,0.0,0.0,0.0,0.0,0,0,0.0,0.0,0,0
2/7-12,1.0,417.0,426.0,25.4,0.0,0.0,0.0,0,0,0.0,0.0,0,0
2/7-13,1.0,3188.0,3205.0,38.1,0.0,0.0,0.0,0,0,0.0,0.0,0,0
2/7-13,2.0,3042.0,3084.0,38.1,0.0,0.0,0.0,0,0,0.0,0.0,0,0
2/7-13,3.0,2794.0,2807.0,38.1,0.0,0.0,0.0,0,0,0.0,0.0,0,0
2/7-13,4.0,2697.0,2729.0,38.1,0.0,0.0,0.0,0,0,0.0,0.0,0,0
2/7-14,1.0,3321.0,3324.0,25.4,0.0,0.0,0.0,0,0,0.0,0.0,0,0
2/7-14,2.0,3236.0,3254.0,0.0,0.0,14.0,0.0,227,31000,0.874,0.82,139,0
2/7-14,3.0,3200.0,3210.0,0.0,0.0,0.0,0.0,0,59000,0.0,0.0,0,0
2/7-14,4.0,3164.0,3186.0,0.0,0.0,0.0,0.0,553,86000,0.852,0.682,239,0
2/7-14,5.0,3125.0,3143.0,0.0,0.0,0.0,0.0,76,14000,0.861,0.697,190,0
2/7-15,1.0,3425.0,3462.0,25.4,66.0,30.0,0.0,0,0,0.0,0.0,0,0
2/7-15,2.0,3006.0,3010.0,14.3,46.0,30.0,0.0,7,0,0.0,0.0,0,0
2/7-15,3.0,2988.0,3010.0,13.4,44.0,30.0,0.0,13,0,0.0,0.0,0,0
2/7-16,1.0,3254.0,3263.0,0.0,0.0,0.0,0.0,0,0,0.0,0.0,0,0
2/7-16,2.0,3168.0,3190.0,0.0,0.0,0.0,0.0,0,0,0.0,0.0,0,0
2/7-19 R,1.0,4711.0,4838.0,12.0,0.0,2.7,0.0,35,15631,0.0,0.0,449,169
2/7-2,1.0,3006.0,3018.0,0.0,0.0,0.0,0.0,0,0,0.0,0.0,0,0
2/7-20,1.0,4099.0,4258.0,9.5,0.0,0.0,0.0,566,223000,0.0,0.0,365,0
2/7-21 S,1.0,4575.0,4610.0,7.9,0.0,0.0,0.0,107,27000,0.8,0.79,267,160
2/7-21 S,2.1,4446.4,4518.7,11.9,0.0,0.0,0.0,879,272000,0.81,0.79,312,153
2/7-21 S,2.2,4446.4,4518.7,9.9,0.0,0.0,0.0,592,211000,0.81,0.79,357,0
2/7-21 S,3.1,4308.0,4337.6,11.1,0.0,0.0,0.0,760,249000,0.81,0.81,326,153
2/7-21 S,3.2,4308.0,4337.6,19.0,0.0,0.0,0.0,1236,447000,0.8,0.76,362,153
2/7-22,1.0,4484.0,4491.0,12.7,0.0,24.0,0.0,197,232700,0.79,0.8,1181,163
2/7-26 S,1.0,4605.5,4696.9,6.3,0.0,0.0,0.0,53,10123,0.819,0.0,191,133
2/7-26 S,2.0,4309.8,4538.4,6.3,0.0,0.0,0.0,223,61447,0.819,0.81,279,0
2/7-27 S,1.0,4740.9,4483.6,7.9,0.0,0.0,0.0,582,180400,0.8,0.8,309,0
2/7-3,1.0,2908.0,2938.0,0.0,0.0,0.0,0.0,123,31148,0.0,0.0,0,0
2/7-3,2.0,2908.0,2938.0,0.0,0.0,0.0,0.0,0,0,0.0,0.0,0,0
2/7-3,3.0,2883.0,2896.0,0.0,0.0,0.0,0.0,667,133089,0.0,0.0,0,0
2/7-3,4.0,2868.0,2877.0,0.0,0.0,0.0,0.0,792,167069,0.0,0.0,0,0
2/7-3,5.0,2806.0,2856.0,0.0,0.0,0.0,0.0,712,172732,0.0,0.0,0,0
2/7-31,1.0,4623.2,4565.3,6.3,0.0,0.0,0.0,282,120360,0.0,0.702,426,163
2/7-4,1.0,3266.0,3292.0,0.0,0.0,0.0,0.0,0,0,0.0,0.0,0,0
2/7-4,2.0,3197.0,3220.0,0.0,0.0,0.0,0.0,1054,27183,0.0,0.0,0,0
2/7-4,3.0,3149.0,3170.0,0.0,0.0,0.0,0.0,200,7079,0.0,0.0,0,0
2/7-4,4.0,3127.0,3145.0,0.0,0.0,0.0,0.0,0,0,0.0,0.0,0,0
2/7-4,5.0,3106.0,3114.0,0.0,0.0,0.0,0.0,7,736,0.0,0.0,0,0
2/7-4,6.0,3106.0,3114.0,0.0,0.0,0.0,0.0,8,1444,0.0,0.0,0,0
2/7-5,1.0,3274.0,3293.0,0.0,0.0,0.0,0.0,0,0,0.0,0.0,0,0
2/7-5,2.0,3225.0,3237.0,0.0,0.0,0.0,0.0,0,0,0.0,0.0,0,0
2/7-5,3.0,3210.0,3219.0,0.0,0.0,0.0,0.0,0,0,0.0,0.0,0,0
2/7-5,4.0,3160.0,3185.0,0.0,0.0,0.0,0.0,0,0,0.0,0.0,0,0
2/7-5,5.0,3120.0,3230.0,0.0,0.0,0.0,0.0,0,0,0.0,0.0,0,0
2/7-6,1.0,2973.0,2987.0,0.0,0.0,0.0,0.0,44,13393,0.857,0.0,0,0
2/7-6,2.0,3069.0,3078.0,0.0,0.0,0.0,0.0,167,57200,0.863,0.0,0,0
2/7-6,3.0,2993.0,3054.0,0.0,0.0,0.0,0.0,738,189156,0.855,0.0,0,0
2/7-6,4.0,2914.0,2957.0,0.0,0.0,0.0,0.0,805,274673,0.843,0.0,0,0
2/7-7,1.0,2911.0,2925.0,0.0,0.0,0.0,0.0,0,0,0.0,0.0,0,0
2/7-7,3.0,2838.0,2905.0,38.0,0.0,0.0,0.0,976,415691,0.0,0.0,426,0
2/7-7,5.0,2827.0,2833.0,38.0,0.0,0.0,0.0,1045,518193,0.0,0.0,496,0
2/7-7,6.0,2789.0,2822.0,38.0,0.0,0.0,0.0,1179,526693,0.0,0.0,447,0
2/7-8,1.0,3039.0,3051.0,0.0,0.0,0.0,0.0,0,0,0.0,0.0,0,0
2/7-8,2.0,3039.0,3051.0,0.0,0.0,0.0,0.0,0,0,0.0,0.0,0,0
2/7-8,3.0,3014.0,3033.0,0.0,40.0,27.0,0.0,13,2406,0.97,0.0,0,0
2/7-8,4.0,2969.0,3001.0,0.0,40.0,37.0,0.0,539,53789,0.86,0.0,0,0
2/7-9,1.0,4313.0,4356.0,0.0,38.4,0.0,0.0,36,9996,0.8,0.0,278,0
2/7-9,2.0,3417.0,3436.0,0.0,0.0,0.0,0.0,0,0,0.0,0.0,0,0
2/7-9,3.0,3098.0,3109.0,0.0,0.0,0.0,0.0,0,0,0.0,0.0,0,0
2/8-10,1.0,2536.0,2547.0,3.2,0.0,0.0,0.0,49,6760,0.84,0.674,775,0
2/8-10,2.0,2493.0,2509.0,9.5,0.0,0.0,0.0,552,78155,0.84,0.653,793,0
2/8-10,3.0,2480.0,2486.0,15.9,0.0,0.0,0.0,1017,165937,0.84,0.66,910,0
2/8-11,1.0,2553.0,2560.0,12.5,0.0,0.0,0.0,378,10477,0.83,0.0,1550,0
2/8-11,2.0,2469.0,2476.0,19.0,0.0,0.0,0.0,842,21521,0.84,0.0,0,0
2/8-3,1.0,3571.0,3589.0,0.0,30.0,25.0,0.0,4,278,0.0,0.0,0,0
2/8-3,2.0,3600.0,3571.0,0.0,28.0,24.0,0.0,32,2019,0.0,0.0,0,0
2/8-3,3.0,2871.0,2882.0,0.0,0.0,0.0,0.0,0,0,0.0,0.0,0,0
2/8-4,1.0,2603.0,2622.0,25.4,0.0,0.0,0.0,0,0,0.0,0.0,0,0
2/8-4,2.0,2579.0,2588.0,25.4,0.0,0.0,0.0,0,0,0.0,0.0,0,0
2/8-6,1.0,2570.0,2582.0,25.4,44.9,26.9,0.0,94,19283,0.85,0.0,1152,0
2/8-6,2.0,2526.0,2553.0,19.0,41.5,11.7,0.0,262,40691,0.84,0.0,872,0
2/8-6,3.0,2502.0,2514.0,0.0,0.0,0.0,0.0,0,0,0.0,0.0,0,0
2/8-6,4.0,2478.0,2489.0,12.5,44.6,15.8,0.0,136,30270,0.83,0.0,0,0
2/8-6,5.0,2466.0,2488.0,0.0,0.0,0.0,0.0,0,0,0.0,0.0,0,0
2/8-8,1.0,2585.0,2595.0,0.0,0.0,0.0,0.0,0,0,0.0,0.0,0,0
2/8-8,2.0,2556.0,2568.0,19.0,43.0,32.0,0.0,455,0,0.0,0.0,690,0
2/8-8,3.0,2507.0,2515.0,0.0,44.6,23.3,0.0,179,0,0.83,0.0,780,0
2/8-8,4.0,2488.0,2493.0,12.5,0.0,0.0,0.0,745,0,0.0,0.0,1225,0
2/8-8,5.0,2460.0,2465.0,25.4,44.0,36.0,0.0,1222,0,0.85,0.0,1118,0
2/8-9,1.0,2552.0,2558.0,0.0,0.0,0.0,0.0,0,0,0.0,0.0,0,0
2/8-9,2.0,2525.0,2529.0,0.0,45.2,20.4,0.0,353,81693,0.84,0.0,231,0
24/6-1,1.0,4502.0,4537.0,7.9,0.0,0.0,0.0,75,425000,0.785,0.64,5690,0
24/6-2,1.0,2165.75,2156.75,19.0,4.8,0.0,18.68,550,44000,0.86,0.69,80,69
24/9-3,1.0,1805.0,1796.0,0.0,0.0,0.0,0.0,39,1000,0.916,0.65,26,0
24/9-3,2.0,1782.0,1775.0,50.8,0.0,0.0,0.0,86,2400,0.925,0.63,28,0
24/9-3,3.0,1747.0,1739.0,0.0,0.0,0.0,0.0,0,1000,0.0,0.562,0,0
25/10-11,1.0,4179.0,4413.0,8.0,0.0,0.0,0.0,0,1465,0.0,0.0,0,138
25/10-3,1.0,1750.0,1752.0,0.0,0.0,0.0,0.0,900,0,0.84,0.0,0,0
25/10-5,1.0,1756.0,1763.0,12.7,0.0,0.0,0.0,170,10000,0.9,0.64,59,0
25/10-5,2.0,1732.0,1740.0,25.4,0.0,0.0,0.0,515,30000,0.9,0.64,59,0
25/10-8,1.0,2392.0,2398.0,15.9,24.0,0.0,25.0,692,0,0.84,0.7,116,94
25/1-1,1.0,1920.0,1928.0,0.0,0.0,0.0,0.0,0,674000,0.0,0.0,0,0
25/11-14 SR,1.0,1998.2,2015.2,13.7,0.0,0.0,0.0,508,2000,0.915,0.67,36,75
25/11-14 SR,2.0,1999.2,2015.2,25.4,0.0,0.0,0.0,985,0,0.915,0.0,0,76
25/11-15,1.0,1736.0,1774.0,25.4,0.0,0.0,0.0,525,7500,0.94,0.64,14,76
25/11-18,1.0,815.0,865.0,0.0,0.0,0.0,0.0,0,1081,0.0,0.63,0,33
25/11-5,1.0,1750.0,1765.0,0.0,17.8,0.0,0.0,636,28371,0.91,0.0,44,0
25/11-6,1.0,1725.0,1740.0,13.9,17.6,0.0,0.0,485,1800000,0.9,0.6,210,0
25/11-8,1.0,1752.0,1767.0,15.1,0.0,0.0,0.0,418,0,0.9,0.0,46,52
25/1-3,1.0,1985.0,1987.0,0.0,0.0,0.0,0.0,0,0,0.0,0.0,0,0
25/1-3,2.0,1985.0,1987.0,0.0,0.0,0.0,0.0,0,0,0.0,0.0,0,0
25/1-3,3.0,1985.0,1987.0,0.0,0.0,0.0,0.0,0,0,0.0,0.0,0,0
25/1-3,4.0,1978.0,1980.0,0.0,0.0,0.0,0.0,21,0,0.0,0.0,0,0
25/1-3,5.0,1978.0,1980.0,0.0,0.0,0.0,0.0,70,0,0.0,0.0,0,0
25/1-3,6.0,1976.0,1980.0,0.0,0.0,0.0,0.0,84,110,0.0,0.0,0,0
25/1-4,1.0,1969.0,1995.0,19.0,0.0,0.0,0.0,5,610000,0.0,0.0,0,0
25/1-5,1.0,1930.0,1946.0,22.2,0.0,0.0,0.0,575,834000,0.0,0.0,0,0
25/1-5,2.0,1928.0,1937.0,29.3,0.0,0.0,0.0,675,967000,0.0,0.0,0,0
25/2-1,1.0,1926.0,1938.0,19.0,0.0,19.6,0.0,4,637975,0.0,0.84,157000,0
25/2-11,1.0,1958.0,1953.0,25.4,15.0,6.0,18.0,0,666000,0.0,0.6,0,61
25/2-12,1.0,3685.5,3690.5,0.0,0.0,0.0,0.0,0,0,0.0,0.0,0,0
25/2-12 A,1.0,3805.0,3795.0,5.6,0.0,37.0,0.0,102,200000,0.81,0.7,1960,120
25/2-13,1.0,3785.0,3773.6,4.7,10.0,10.0,0.0,0,0,0.0,0.0,0,124
25/2-13,2.0,3713.0,3706.0,0.0,0.0,0.0,0.0,0,0,0.0,0.0,0,0
25/2-13,2.3,3713.0,3695.0,6.3,8.5,0.0,0.0,69,29400,0.823,0.88,425,123
25/2-13,3.1,3460.0,3437.0,12.5,16.0,0.0,0.0,210,242000,0.8,0.8,1120,115
25/2-13,5.0,3382.0,3343.0,15.8,12.5,0.0,0.0,650,213600,0.829,0.818,330,112
25/2-15 R2,1.0,3909.0,3580.0,0.0,50.0,0.0,0.0,0,0,0.0,0.0,0,0
25/2-18 A,1.0,3741.5,3767.1,15.8,0.0,0.0,0.0,600,86413,0.0,0.0,144,0
25/2-18 A,2.0,3713.7,3724.9,12.7,0.0,0.0,0.0,349,51624,0.0,0.0,149,0
25/2-2,1.0,1983.0,1996.0,0.0,0.0,0.0,0.0,0,0,0.0,0.0,0,0
25/2-4,1.0,2902.0,2911.0,0.0,0.0,0.0,0.0,0,0,0.0,0.0,0,0
25/2-5,1.0,3692.0,3695.0,0.0,0.0,0.0,0.0,0,0,0.0,0.0,0,0
25/2-5,2.0,3652.0,3695.0,19.0,0.0,0.0,0.0,330,108000,0.0,0.0,327,0
25/2-5,3.0,3337.0,3362.0,12.5,0.0,0.0,0.0,470,95400,0.813,0.0,203,0
25/4-1,1.0,3300.0,3314.0,0.0,0.0,0.0,0.0,0,0,0.0,0.0,0,0
25/4-1,2.0,3208.0,3213.0,0.0,0.0,0.0,0.0,0,0,0.0,0.0,0,0
25/4-1,3.0,3179.0,3184.0,25.4,0.0,29.0,0.0,74,180000,0.0,0.797,2432,0
25/4-4,1.0,2134.0,2143.0,0.0,0.0,0.0,0.0,0,0,0.0,0.0,0,0
25/4-5,1.0,4154.0,4176.0,0.0,0.0,0.0,0.0,0,0,0.0,0.0,0,0
25/4-5,2.0,4065.0,4088.0,0.0,0.0,0.0,0.0,0,0,0.0,0.0,0,0
25/4-5,3.0,3969.0,3999.0,0.0,0.0,0.0,0.0,0,0,0.0,0.0,0,0
25/4-6 S,1.0,3802.0,3819.0,20.6,0.0,0.0,0.0,688,461700,0.81,0.72,671,126
25/5-1,1.0,3233.0,3254.0,12.7,0.0,0.0,0.0,0,0,0.0,0.0,0,0
25/5-1,2.0,3045.0,3025.0,12.7,0.0,8.0,0.0,396,71000,0.827,0.705,178,0
25/5-1,2.1,3045.0,3025.0,12.7,30.0,11.0,30.0,437,88000,0.837,0.705,201,0
25/5-1,3.0,3002.0,2987.0,12.7,0.0,10.0,0.0,339,74000,0.825,0.79,217,0
25/5-1,3.1,2987.0,3002.0,12.7,0.0,0.0,32.0,442,82000,0.825,0.815,186,0
25/5-2,2.0,3196.0,3201.0,9.5,0.0,0.0,0.0,200,35000,0.821,0.0,170,0
25/5-3,1.0,2405.0,2336.0,11.1,15.0,0.0,23.0,57,585000,0.8,0.75,5100,0
25/5-4,1.0,2933.0,2923.0,20.6,14.0,0.0,29.0,223,759600,0.76,0.72,3398,104
25/5-5,1.0,2169.5,2158.5,38.1,2.0,1.0,20.0,428,15578,0.88,0.7,36,0
25/6-1,1.0,2276.7,2279.7,7.9,9.6,0.0,0.0,298,0,0.725,0.0,130,0
25/7-2,1.0,4148.0,4273.0,15.9,9.0,0.0,0.0,228,255700,0.781,0.732,1121,129
25/7-3,1.0,2096.0,2107.0,25.4,2.0,0.0,17.0,739,29207,0.839,0.0,39,83
25/7-5,1.0,2043.0,2052.0,17.5,7.0,5.26,18.981,900,78000,0.87,0.671,88,67
25/8-1,1.0,1755.0,1762.0,25.4,0.0,0.0,0.0,429,9965,0.93,0.0,23,0
25/8-10 S,1.0,1727.0,1740.0,14.4,4.0,4.0,4.0,413,15,0.9,0.68,0,70
25/8-11,1.0,1893.0,1910.0,16.0,0.0,0.0,0.0,520,23000,0.0,0.0,44,78
25/8-5 S,1.0,2118.0,2149.0,50.0,0.0,29.0,0.0,1073,40774,0.85,0.0,38,82
25/8-8 S,1.0,2258.0,2267.0,50.0,3.6,0.0,0.0,1067,75900,0.85,0.73,71,0
29/3-1,1.0,3802.0,3822.0,7.9,0.0,0.0,36.0,2,0,0.878,0.69,0,130
29/3-1,2.0,3682.0,3725.0,12.7,54.0,30.0,50.0,440,534000,0.868,0.68,1212,124
29/3-1,2.1,3682.0,3699.0,12.7,54.0,21.0,37.0,236,438000,0.845,0.72,1858,129
29/3-1,3.0,3522.0,3530.0,12.7,48.0,1.0,34.0,0,0,0.0,0.0,0,119
29/6-1,1.0,4287.0,4301.0,0.0,0.0,0.0,0.0,0,0,0.0,0.0,0,0
29/6-1,2.0,4256.0,4260.0,0.0,0.0,0.0,0.0,0,0,0.0,0.0,0,0
29/6-1,3.0,4208.0,4218.0,3.2,0.0,0.0,0.0,220,300000,0.808,0.705,1363,0
29/9-1,1.0,4394.0,4405.0,12.7,0.0,0.0,0.0,0,10000,0.0,0.774,0,0
3/7-4,1.0,3473.0,3537.0,19.0,0.0,0.0,0.0,665,884450,0.804,0.72,1330,131
3/7-4,2.0,3440.0,3473.0,19.0,0.0,0.0,0.0,611,838292,0.796,0.72,1372,131
30/10-2,1.0,2023.0,2026.0,16.5,20.8,20.3,0.0,0,44995,0.0,0.585,0,0
30/10-5,1.0,3638.0,3644.0,0.0,0.0,0.0,0.0,0,0,0.0,0.0,0,0
30/10-6,1.0,5008.0,5045.0,0.0,0.0,0.0,0.0,0,0,0.0,0.0,0,0
30/10-6,1.1,5008.0,5045.0,3.0,0.0,0.0,0.0,0,0,0.0,0.0,0,0
30/10-6,2.0,4899.0,4965.2,0.0,0.0,0.0,0.0,0,0,0.0,0.0,0,0
30/10-6,2.1,4899.0,4965.0,0.0,0.0,0.0,0.0,0,0,0.0,0.0,0,0
30/10-6,2.2,4899.0,5250.0,0.0,0.0,0.0,0.0,0,0,0.0,0.58,0,0
30/10-6,3.0,4768.0,4803.0,0.0,0.0,0.0,0.0,0,0,0.0,0.0,0,0
30/10-6,4.0,4666.0,4714.0,3.1,0.0,0.0,0.0,0,90000,0.0,0.62,0,154
30/2-1,1.0,3785.0,3792.0,12.7,0.0,0.0,0.0,307,677000,0.804,0.695,2205,0
30/2-1,2.0,3761.0,3771.0,19.0,0.0,0.0,0.0,417,1030000,0.807,0.695,2470,0
30/2-1,3.0,3720.0,3728.0,19.0,0.0,0.0,0.0,396,1016000,0.814,0.692,2565,0
30/2-2,1.0,4071.0,4076.0,19.1,0.0,0.0,0.0,0,0,0.0,0.0,0,0
30/2-2,2.0,4011.0,4042.0,19.1,0.0,0.0,0.0,0,0,0.0,0.0,0,0
30/2-2,3.0,3935.0,3974.0,19.1,0.0,0.0,0.0,105,226000,0.808,0.734,2160,0
30/2-3,1.0,3895.0,3898.0,12.7,0.0,4.0,0.0,24,4300,0.81,0.72,1790,0
30/2-3,2.0,3874.0,3881.0,12.7,53.0,40.0,0.0,319,671000,0.8,0.7,2100,0
30/2-3,3.1,3794.0,3803.0,12.7,0.0,14.0,0.0,215,466800,0.797,0.69,2180,0
30/3-2,1.0,2916.0,2923.0,0.0,0.0,0.0,0.0,0,0,0.0,0.0,0,0
30/3-2,2.0,2870.0,2874.0,0.0,0.0,0.0,0.0,0,0,0.0,0.0,0,0
30/3-2,3.0,2832.0,2837.0,0.0,0.0,0.0,0.0,0,0,0.0,0.0,0,0
30/3-2 R,1.0,2916.0,2923.0,12.7,32.0,23.0,0.0,325,27000,0.831,0.714,86,0
30/3-2 R,2.0,2870.0,2874.0,12.7,31.0,23.0,0.0,369,32000,0.826,0.71,86,0
30/3-2 R,3.0,2832.0,2837.0,0.0,0.0,0.0,0.0,0,0,0.0,0.0,0,0
30/3-4,1.0,3079.0,3096.0,23.8,6.0,0.0,34.0,1023,104000,0.83,0.0,108,0
30/3-4,3.0,2903.0,2923.0,23.8,9.0,0.0,32.0,1640,126700,0.83,0.0,77,0
30/3-4,4.0,2866.0,2882.0,18.3,10.0,0.0,32.0,1230,101900,0.831,0.766,82,0
30/3-4,5.0,2850.0,2857.0,19.0,4.0,0.0,0.0,578,46200,0.835,0.77,80,0
30/3-4,6.0,2826.0,2833.0,25.0,0.0,0.0,0.0,0,0,0.0,0.0,0,0
30/4-2,1.0,3807.0,3813.0,15.0,0.0,0.0,0.0,6818,812000,0.802,0.64,199,0
30/5-2,1.0,3611.0,3624.0,12.5,7.0,0.0,24.0,135,63000,0.88,0.71,470,130
30/5-2,2.0,3566.0,3590.0,11.0,36.0,0.0,0.0,140,300000,0.83,0.69,2140,127
30/6-1,1.0,2320.0,2330.0,0.0,0.0,0.0,0.0,152,487000,0.73,0.657,3066,90
30/6-1,2.0,2301.0,2305.0,0.0,0.0,0.0,0.0,166,660000,0.765,0.663,4150,90
30/6-10 A,1.0,2600.0,2602.0,12.7,0.0,0.0,0.0,563,79000,0.85,0.685,140,0
30/6-10 A,2.0,2587.0,2590.0,15.8,0.0,0.0,0.0,181,546000,0.74,0.66,3017,0
30/6-10 A,3.0,2446.0,2555.0,15.8,0.0,0.0,0.0,170,552000,0.74,0.66,3246,0
30/6-10 A,4.0,2480.0,2487.0,25.4,0.0,0.0,0.0,254,799000,0.74,0.664,3143,0
30/6-11,1.0,3449.0,3455.0,0.0,0.0,0.0,0.0,0,0,0.0,0.0,0,0
30/6-13,1.0,2640.0,2650.0,11.1,0.0,0.0,0.0,450,58000,0.852,0.68,128,0
30/6-13,2.0,2596.0,2601.0,11.1,0.0,0.0,0.0,423,44000,0.852,0.68,102,0
30/6-13,3.0,2573.0,2580.0,11.1,0.0,0.0,0.0,428,42000,0.847,0.68,99,0
30/6-14,1.0,2783.0,2787.0,50.8,0.0,0.0,0.0,13,0,0.845,0.0,0,0
30/6-14,1.1,2783.0,2788.0,50.8,0.0,0.0,0.0,20,0,0.835,0.0,0,0
30/6-15,1.0,3354.5,3351.5,7.9,32.0,30.0,32.0,43,0,0.85,0.0,0,0
30/6-15,2.0,3323.8,3330.4,17.5,31.0,31.0,0.0,1034,0,0.841,0.0,135,0
30/6-15,3.0,3250.5,3265.5,25.4,0.0,0.0,0.0,250,975500,0.76,0.68,3902,0
30/6-16,1.0,2920.0,2944.0,15.9,0.0,3.0,0.0,165,2475,0.88,0.747,15,0
30/6-16,1.1,2920.0,2944.0,14.3,0.0,3.0,0.0,175,26000,0.88,0.747,150,0
30/6-16,2.0,2855.0,2868.0,27.0,0.0,10.0,28.0,710,142000,0.84,0.76,200,0
30/6-17 R,1.0,2401.0,2415.0,14.3,0.0,0.0,0.0,701,110000,0.82,0.66,157,0
30/6-18,1.0,3307.0,3324.0,14.0,0.0,0.0,0.0,609,161970,0.811,0.0,265,126
30/6-18,2.0,3198.0,3210.0,14.0,0.0,0.0,0.0,871,2832,0.0,0.0,0,122
30/6-18,3.0,3164.0,3173.0,14.0,0.0,0.0,0.0,957,189744,0.845,0.705,198,119
30/6-19,1.0,2945.0,2954.0,15.9,0.0,0.0,0.0,564,26000,0.861,0.85,46,0
30/6-19,2.0,2907.0,2932.3,14.3,0.0,0.0,0.0,797,34000,0.833,0.78,52,0
30/6-19,3.0,2876.0,2884.0,20.6,0.0,0.0,0.0,668,25000,0.831,0.86,50,0
30/6-2,1.0,2212.0,2222.0,19.1,0.0,0.0,0.0,191,646000,0.74,0.65,3397,0
30/6-21,1.0,2645.5,2657.5,9.5,0.0,0.0,0.0,342,51000,0.847,0.724,149,106
30/6-22,1.0,2917.0,2036.2,12.7,0.0,0.0,0.0,294,19430,0.829,0.78,68,0
30/6-22,2.0,2908.75,2912.25,12.7,0.0,0.0,0.0,480,31680,0.823,0.765,66,0
30/6-23,1.0,2860.0,2881.0,25.4,0.0,0.0,0.0,1575,74200,0.84,0.0,47,0
30/6-23,2.0,2827.0,2853.0,20.4,0.0,0.0,0.0,849,56500,0.84,0.0,66,0
30/6-23,3.0,2803.0,2812.0,20.4,0.0,0.0,0.0,1040,64200,0.84,0.0,62,0
30/6-3,1.0,2476.0,2486.0,17.5,0.0,0.0,0.0,157,496000,0.742,0.657,3170,0
30/6-3,2.0,2396.0,2407.0,19.1,0.0,0.0,0.0,88,280000,0.72,0.645,3170,0
30/6-4,1.0,2655.0,2665.0,19.5,0.0,0.0,0.0,753,84600,0.855,0.0,112,0
30/6-4,2.0,2630.0,2638.0,24.8,0.0,0.0,0.0,888,89200,0.85,0.0,100,0
30/6-6,1.0,2946.0,2962.0,25.4,0.0,0.0,0.0,0,0,0.0,0.0,0,0
30/6-7,1.0,2729.0,2736.0,31.7,0.0,0.0,0.0,0,0,0.0,0.0,0,0
30/6-7,2.0,2711.0,2716.0,22.2,0.0,0.0,0.0,1028,116000,0.85,0.72,113,0
30/6-7,3.0,2681.0,2684.0,12.7,0.0,0.0,0.0,534,65000,0.835,0.7,122,0
30/6-7,4.0,2637.0,2639.0,19.0,0.0,0.0,0.0,1339,146000,0.853,0.7,109,0
30/6-9,1.0,2612.0,2615.0,12.7,0.0,0.0,0.0,529,59000,0.859,0.679,110,103
30/6-9,2.0,2554.0,2559.0,12.7,0.0,0.0,0.0,554,66000,0.857,0.678,118,100
30/6-9,3.0,2537.0,2547.0,11.9,0.0,0.0,0.0,429,52000,0.806,0.675,121,100
30/6-9,4.0,2498.0,2501.0,15.8,0.0,0.0,0.0,200,643000,0.759,0.662,3214,98
30/6-9,5.0,2460.0,2463.0,15.8,0.0,0.0,0.0,189,674000,0.738,0.67,3563,98
30/7-2,1.0,1797.0,1801.0,0.0,0.0,0.0,0.0,0,0,0.0,0.0,0,0
30/7-2,2.0,1765.0,1777.0,0.0,0.0,0.0,0.0,0,0,0.0,0.0,0,0
30/7-7,1.0,4735.0,4762.0,6.4,0.0,0.0,0.0,0,0,0.0,0.0,0,0
30/7-8 R,1.0,4064.0,4070.0,12.7,0.0,0.0,0.0,445,617590,0.81,0.68,1291,143
30/8-1 SR,1.0,4700.0,4802.8,0.0,0.0,0.0,0.0,0,0,0.0,0.0,0,0
30/9-1,1.0,2743.0,2761.0,17.4,0.0,0.0,0.0,0,0,0.0,0.0,0,0
30/9-1,2.0,2727.0,2733.0,11.1,0.0,0.0,0.0,325,37000,0.864,0.78,112,0
30/9-1,3.0,2689.0,2692.0,11.1,0.0,0.0,0.0,375,40000,0.85,0.724,105,0
30/9-10,1.0,2757.0,2776.0,15.9,0.0,0.0,0.0,379,421000,0.861,0.754,111,0
30/9-10,2.0,2757.0,2824.0,19.1,0.0,0.0,0.0,986,848000,0.861,0.754,86,0
30/9-13 S,1.0,3086.0,3095.0,19.0,0.0,0.0,0.0,792,120983,0.85,0.73,153,114
30/9-13 S,2.0,3024.0,3073.0,19.0,0.0,0.0,0.0,535,107458,0.84,0.76,201,110
30/9-13 S,3.0,2958.0,2986.0,28.5,0.0,0.0,0.0,90,459522,0.78,0.72,5099,86
30/9-16,1.0,2722.0,2753.0,28.6,0.0,0.0,0.0,1604,264000,0.836,0.0,165,0
30/9-16,2.0,2685.0,2694.0,25.4,0.0,0.0,0.0,283,722000,0.75,0.0,3030,0
30/9-19 A,1.0,3347.0,3363.0,25.4,0.0,0.0,0.0,910,370000,0.0,0.0,0,0
30/9-2 R,1.0,2738.0,2757.0,19.0,11.0,0.0,0.0,0,0,0.0,0.0,0,104
30/9-2 R,2.0,2704.0,2728.0,10.3,0.0,0.0,0.0,401,41000,0.865,0.708,102,107
30/9-2 R,3.0,2685.0,2693.0,11.1,0.0,0.0,0.0,495,51000,0.865,0.695,102,104
30/9-2 R,4.0,2595.0,2604.0,11.1,0.0,0.0,0.0,479,58000,0.842,0.73,120,100
30/9-3 A,1.0,2910.0,2916.0,38.1,0.0,0.0,0.0,800,108000,0.854,0.71,135,0
30/9-4 S,1.0,3416.9,3422.9,28.6,0.0,0.0,0.0,783,158000,0.8,0.8,2025,0
30/9-4 S,2.0,3311.3,3324.3,25.0,0.0,0.0,0.0,334,1100000,0.8,0.7,3384,0
30/9-6,1.0,2637.9,2645.5,7.9,0.0,0.0,0.0,185,17175,0.855,0.698,93,0
30/9-6,2.0,2591.5,2596.5,7.9,0.0,0.0,0.0,166,16980,0.856,0.698,102,0
30/9-7,1.0,2811.0,2822.0,12.7,0.0,0.0,0.0,540,75600,0.849,0.693,140,0
30/9-8 R,1.0,2904.4,2913.4,19.5,0.0,0.0,0.0,0,1100,0.0,0.7,0,63
30/9-8 R,2.0,2837.0,2848.0,25.4,0.0,0.0,0.0,35,0,0.867,0.0,0,15
30/9-8 R,3.0,2825.0,2848.0,12.7,0.0,0.0,0.0,405,28667,0.87,0.78,109,27
30/9-9,1.0,2394.4,2409.4,19.5,0.0,0.0,0.0,946,158000,0.822,0.743,166,100
30/9-9,2.0,2294.6,2310.6,19.5,0.0,0.0,0.0,966,158000,0.82,0.745,164,100
31/2-11,1.0,1681.0,1685.0,50.8,0.0,0.0,0.0,0,0,0.0,0.0,0,0
31/2-11,2.0,1576.0,1582.0,50.8,0.0,0.0,0.0,1240,69000,0.883,0.667,56,0
31/2-12,1.0,1428.0,1452.0,17.5,0.0,0.0,0.0,0,564000,0.0,0.0,0,0
31/2-12,2.0,1385.0,1405.0,17.5,0.0,0.0,0.0,0,684000,0.0,0.0,0,0
31/2-13 S,1.0,1801.0,1807.0,21.0,0.0,0.0,0.0,540,144180,0.88,0.63,267,60
31/2-16 S,1.0,1888.0,2384.0,50.8,4.0,0.0,14.7,1990,89444,0.882,0.638,0,67
31/2-2 R,1.0,1554.0,1556.0,12.7,0.0,0.0,0.0,128,5888,0.904,0.0,46,0
31/2-2 R,2.0,1538.0,1543.0,25.4,0.0,0.0,0.0,34,1501000,0.79,0.0,44147,0
31/2-2 R,3.0,1521.0,1530.0,25.4,0.0,0.0,0.0,0,1407000,0.0,0.0,0,0
31/2-3,1.0,1575.0,1580.0,0.0,0.0,0.0,0.0,0,0,0.0,0.0,0,0
31/2-3,2.0,1552.0,1557.0,6.4,0.0,0.0,0.0,14,560,0.91,0.0,40,0
31/2-3,3.0,1495.0,1510.0,50.8,0.0,0.0,0.0,0,914000,0.0,0.0,0,0
31/2-3,4.0,1410.0,1435.0,38.1,0.0,0.0,0.0,0,1133000,0.0,0.0,0,0
31/2-5,1.0,1582.0,1588.0,0.0,0.0,0.0,0.0,0,0,0.0,0.0,0,0
31/2-5 R,1.0,1582.0,1588.0,25.4,3.0,0.0,0.0,820,47000,0.89,0.655,58,0
31/2-5 R2,1.0,1591.0,1594.0,50.8,0.0,0.0,0.0,668,125584,0.88,0.631,188,66
31/2-6,1.0,1576.0,1579.0,7.9,0.0,0.0,0.0,144,25000,0.888,0.605,175,0
31/2-6,2.0,1518.0,1537.0,50.8,0.0,0.0,0.0,40,1699000,0.781,0.602,42475,0
31/2-7,1.0,1584.0,1590.0,71.0,0.0,0.0,0.0,1113,0,0.887,0.0,45,68
31/2-8,1.0,1843.0,1848.0,0.0,0.0,0.0,0.0,0,0,0.0,0.0,0,0
31/3-1,1.0,1519.0,1529.0,16.9,0.0,0.0,0.0,0,355000,0.0,0.0,0,0
31/3-1,2.0,1373.0,1383.0,12.7,0.0,0.0,0.0,0,479000,0.0,0.0,0,0
31/3-2,1.0,1567.0,1577.0,63.5,0.0,0.0,0.0,1272,563000,0.89,0.62,442,60
31/4-3,1.0,2127.0,2143.0,19.0,0.0,0.0,0.0,170,11000,0.851,0.73,64,0
31/4-3,2.0,1998.0,2015.0,19.0,0.0,0.0,0.0,245,153000,0.825,0.674,641,0
31/4-5,1.0,2152.0,2158.0,0.0,0.0,0.0,0.0,0,0,0.0,0.0,0,0
31/4-5,2.0,2130.0,2133.0,14.3,0.0,0.0,0.0,398,33000,0.845,0.73,84,0
31/4-5,3.0,2107.0,2140.0,14.3,0.0,0.0,0.0,334,28000,0.844,0.724,82,0
31/4-6,1.0,2159.0,2163.0,14.3,0.0,0.0,0.0,452,39000,0.853,0.727,85,0
31/4-7,1.0,2390.0,2398.0,15.9,0.0,0.0,0.0,684,25000,0.83,0.775,37,0
31/4-7,2.0,2028.5,2039.5,12.7,0.0,0.0,0.0,0,26900,0.0,0.77,0,0
31/4-8,1.0,2349.1,2397.6,12.7,0.0,0.0,0.0,503,19900,0.83,0.82,40,95
31/4-8,2.0,2421.7,2437.4,50.8,0.0,0.0,0.0,0,0,0.0,0.0,0,98
31/4-9,1.0,2193.1,2208.1,50.8,0.0,0.0,0.0,0,0,0.0,0.0,0,90
31/4-9,2.0,2169.6,2171.6,12.7,0.0,0.0,0.0,311,23253,0.875,0.769,75,88
31/5-2 R,1.0,1577.0,1581.0,25.4,0.2,0.0,14.9,447,0,0.896,0.066,53,0
31/5-2 R,2.0,1574.0,1576.0,44.5,0.14,0.0,12.7,1089,0,0.89,0.66,53,0
31/5-2 R,3.0,1546.0,1554.0,44.5,6.8,0.0,14.8,0,1240000,0.78,0.61,0,0
31/5-3,1.0,1606.0,1618.0,0.0,0.0,0.0,0.0,0,0,0.0,0.0,0,71
31/5-3,2.0,1582.3,1586.3,44.5,0.0,0.0,0.0,1230,59040,0.0,0.65,48,0
31/6-1,1.0,1562.0,1568.0,22.2,0.0,0.0,0.0,0,842000,0.0,0.635,0,0
31/6-1,2.0,1435.0,1441.0,19.0,0.0,0.0,0.0,0,733000,0.0,0.63,0,0
31/6-2 R,1.0,1506.0,1510.0,19.1,13.0,5.0,0.0,0,0,0.0,0.6,0,0
31/6-5,1.0,1558.0,1568.0,38.1,0.0,0.0,0.0,0,1266000,0.0,0.0,0,0
31/6-6,1.0,1562.5,1567.0,25.4,0.0,0.0,0.0,0,7790,0.0,0.0,0,62
31/6-6,2.0,1520.0,1533.0,12.5,0.0,44.0,11.0,0,107,0.0,0.0,0,62
31/6-8,1.0,1537.6,1557.6,23.8,0.0,0.0,0.0,0,26000,0.0,0.0,0,0
31/6-8,2.0,1522.5,1523.1,0.0,0.0,0.0,0.0,0,0,0.0,0.0,0,0
31/6-8,3.0,1416.0,1418.0,0.0,0.0,0.0,0.0,0,0,0.0,0.0,0,0
31/7-2 S,1.0,2186.5,2190.8,0.0,0.0,0.0,0.0,548,0,0.844,0.716,158,0
33/12-1,1.0,2565.0,2570.0,12.5,0.0,0.0,0.0,400,6660,0.84,0.7,0,0
33/12-1,2.0,2484.0,2493.0,0.0,0.0,0.0,0.0,0,0,0.0,0.0,0,0
33/12-1,3.0,2463.0,2501.0,12.5,0.0,0.0,0.0,853,27011,0.84,0.67,0,0
33/12-1,4.0,2409.0,2414.0,19.0,0.0,0.0,0.0,1670,86479,0.084,0.0,0,0
33/12-2,1.0,2813.0,2818.0,17.4,0.0,0.0,0.0,877,82118,0.832,0.0,0,0
33/12-2,2.0,2780.0,2784.0,17.4,0.0,0.0,0.0,1939,142716,0.827,0.0,0,0
33/12-2,3.0,2701.0,2704.0,6.3,0.0,0.0,0.0,284,37095,0.819,0.0,0,0
33/12-2,4.0,2526.0,2533.0,0.0,0.0,0.0,0.0,0,0,0.0,0.0,0,0
33/12-2,5.0,2485.0,2488.0,6.3,0.0,0.0,0.0,230,37661,0.838,0.0,0,0
33/12-4,1.0,2774.0,2778.0,0.0,0.0,0.0,0.0,0,0,0.0,0.0,0,0
33/12-4,2.0,2685.0,2688.0,0.0,0.0,0.0,0.0,0,0,0.0,0.0,0,0
33/12-5,1.0,2718.0,2724.0,0.0,0.0,0.0,0.0,0,0,0.0,0.0,0,0
33/2-2 S,1.0,3007.5,3115.0,7.1,0.0,0.0,0.0,20,4500,0.0,0.0,0,121
33/9-1,1.0,2615.0,2626.0,12.0,0.0,0.0,0.0,0,0,0.0,0.0,0,0
33/9-1,2.0,2506.0,2507.0,6.3,0.0,0.0,0.0,220,31000,0.83,0.661,142,0
33/9-1,3.0,2465.0,2474.0,6.3,0.0,0.0,0.0,230,37000,0.84,0.691,162,0
33/9-12,1.0,2526.0,2538.0,12.7,34.0,31.0,34.0,0,0,0.0,0.0,0,91
33/9-12,2.0,2505.0,2508.0,12.7,34.0,33.0,34.0,950,0,0.846,0.735,110,91
33/9-12,3.0,2463.0,2489.0,19.0,32.0,32.0,32.0,1470,153880,0.845,0.713,174,90
33/9-13 S,1.0,2703.0,2712.0,9.5,0.0,0.0,0.0,122,6960,0.85,0.89,57,93
33/9-13 S,1.1,2758.0,2787.0,14.3,19.0,8.0,0.0,1100,0,0.8,0.81,45,0
33/9-13 S,1.2,2683.0,2700.0,9.5,0.0,8.0,0.0,642,33139,0.838,0.83,52,93
33/9-13 S,2.0,2652.0,2666.0,18.6,0.0,0.0,0.0,1602,68755,0.842,0.785,43,93
33/9-14,1.0,2745.0,2758.0,16.0,0.0,0.0,0.0,0,8000,0.0,0.78,0,0
33/9-14,2.0,2718.0,2732.0,12.7,0.0,14.0,0.0,1350,75000,0.83,0.72,55,0
33/9-14,2.1,2718.0,2732.0,12.7,0.0,0.0,0.0,1164,43000,0.837,0.703,37,0
33/9-3,1.0,2479.0,2481.0,0.0,0.0,0.0,0.0,0,0,0.0,0.0,0,0
33/9-4,1.0,2608.0,2610.0,5.6,0.0,0.0,0.0,123,0,0.83,0.0,649,0
33/9-4,2.0,2555.0,2560.0,19.0,0.0,0.0,0.0,1164,0,0.84,0.0,886,0
33/9-7,1.0,2490.0,2493.0,19.0,0.0,0.0,0.0,1079,100808,0.836,0.0,0,0
33/9-7,2.0,1780.0,1800.0,0.0,0.0,0.0,0.0,0,0,0.0,0.0,0,0
33/9-8,1.0,2746.0,2749.0,12.5,0.0,0.0,0.0,0,0,0.0,0.0,0,0
33/9-8,2.0,2737.0,2742.0,19.0,0.0,0.0,0.0,1005,32104,0.82,0.752,0,0
33/9-8,3.0,2683.0,2686.0,19.0,0.0,0.0,0.0,2000,80731,0.84,0.757,0,0
33/9-9,2.0,2848.0,2853.0,19.0,0.0,0.0,0.0,0,0,0.0,0.0,0,0
33/9-9,3.0,2800.0,2804.0,19.0,30.0,0.0,0.0,1438,0,0.83,0.0,412,0
33/9-9,5.0,2742.0,2745.0,15.9,34.0,0.0,0.0,1206,0,0.83,0.0,545,0
33/9-9,6.0,2742.0,2745.0,11.0,38.0,0.0,0.0,863,0,0.83,0.0,618,89
33/9-9,7.0,2531.0,2538.0,30.0,24.0,0.0,0.0,1327,0,0.83,0.0,569,0
33/9-9,8.0,2458.0,2461.0,19.0,34.0,0.0,0.0,1468,0,0.83,0.0,1059,0
33/9-9,9.0,2426.0,2433.0,0.0,0.0,0.0,0.0,0,0,0.0,0.0,0,0
34/10-1,1.0,1930.0,1935.0,12.7,0.0,0.0,13.5,191,20560,0.881,0.632,108,0
34/10-1,2.0,1839.0,1844.0,14.3,0.0,0.0,29.0,1048,86930,0.885,0.61,83,72
34/10-1,2.1,1839.0,1844.0,6.7,0.0,0.0,30.0,323,29365,0.879,0.626,0,69
34/10-1,3.0,1788.0,1792.0,6.7,0.0,0.0,30.0,322,28151,0.882,0.62,0,69
34/10-11,1.0,2018.0,2028.0,9.5,0.0,0.0,0.0,404,61171000,0.84,0.647,847,0
34/10-11,2.0,1891.0,1896.0,9.5,0.0,0.0,0.0,397,67402000,0.83,0.656,0,0
34/10-13,1.0,2107.0,2114.0,12.7,0.0,0.0,0.0,467,38000,0.876,0.686,80,0
34/10-13,2.0,2003.0,2009.0,12.7,0.0,0.0,0.0,860,82000,0.825,0.645,95,0
34/10-14,1.0,1934.0,1937.0,12.7,0.0,0.0,0.0,850,81000,0.82,0.65,95,0
34/10-16,1.0,3397.0,3407.0,19.0,0.0,0.0,0.0,955,182000,0.86,0.67,191,0
34/10-16,2.0,3177.0,3187.0,20.6,0.0,0.0,0.0,400,1647000,0.79,0.66,4118,0
34/10-16 R,1.0,3397.0,3407.0,0.0,0.0,0.0,0.0,0,0,0.0,0.0,0,0
34/10-16 R,2.0,3177.0,3187.0,0.0,0.0,0.0,0.0,0,0,0.0,0.0,0,0
34/10-17,1.0,2934.0,2944.0,15.8,0.0,0.0,0.0,0,0,0.0,0.0,0,0
34/10-17,2.0,2881.0,2891.0,19.0,0.0,0.0,0.0,782,192000,0.82,0.74,245,0
34/10-17,3.0,2835.0,2845.0,19.0,0.0,0.0,0.0,734,530000,0.8,0.72,722,0
34/10-17,4.0,2754.0,2790.0,19.0,0.0,0.0,0.0,501,635000,0.76,0.71,1303,0
34/10-2,1.0,3385.0,3395.0,19.0,0.0,4.0,0.0,0,0,0.0,0.0,0,0
34/10-2,2.0,3355.0,3365.0,19.0,0.0,0.0,0.0,127,19000,0.865,0.678,150,129
34/10-2,3.0,3335.0,3345.0,19.0,0.0,1.0,0.0,127,19800,0.865,0.696,155,125
34/10-2,4.0,3110.0,3115.0,7.9,0.0,3.5,0.0,12,96300,0.81,0.652,8000,110
34/10-2,5.0,3017.0,3022.0,9.5,0.0,4.3,0.0,238,733400,0.81,0.645,3800,115
34/10-21,1.0,3905.0,3922.0,0.0,0.0,0.0,0.0,0,0,0.0,0.0,0,0
34/10-21,2.0,3290.0,3312.7,25.4,21.0,0.0,0.0,194,1132000,0.804,0.0,5840,0
34/10-21,2.1,3290.0,3312.0,25.4,0.0,13.0,45.0,197,1131000,0.804,0.0,5732,0
34/10-21,2.2,3290.0,3312.0,25.4,27.0,14.0,45.0,0,1130000,0.8,0.0,5700,0
34/10-23,1.0,4085.0,4095.0,22.2,0.0,28.0,0.0,150,1700000,0.82,0.65,11400,0
34/10-24,1.0,334.5,336.0,32.5,0.0,0.0,0.0,0,70000,0.0,0.559,0,0
34/10-29,1.0,344.0,348.0,19.1,0.0,0.0,0.0,0,0,0.0,0.0,0,0
34/10-29,2.0,344.0,348.0,12.7,3.0,1.0,1.0,0,0,0.0,0.567,0,0
34/10-3,1.0,1965.0,1970.0,7.9,0.0,0.0,31.5,0,0,0.0,0.0,0,0
34/10-3,2.0,1910.0,1915.0,7.9,0.0,0.0,30.6,450,33000,0.877,0.656,70,0
34/10-3,3.0,1870.0,1875.0,4.0,0.0,0.0,0.0,103,0,0.882,0.0,0,69
34/10-30,1.0,3460.0,3473.0,12.7,7.6,0.0,25.9,418,61000,0.863,0.694,146,129
34/10-30,2.0,3297.0,3318.0,17.5,0.0,9.0,29.2,1150,118000,0.859,0.662,102,126
34/10-30,3.0,3125.0,3155.0,17.5,0.0,0.0,43.1,352,1151000,0.79,0.658,3271,118
34/10-31,1.0,342.3,344.8,4.0,2.0,2.0,0.0,0,0,0.0,0.0,0,0
34/10-31,2.0,344.0,346.5,9.5,3.0,3.0,0.0,0,37000,0.0,0.0,0,0
34/10-31,2.1,344.0,346.5,34.9,0.0,0.0,3.0,0,57000,0.0,0.0,0,0
34/10-31,2.2,344.0,346.5,34.9,0.0,0.0,3.0,0,57000,0.0,0.0,0,0
34/10-31,2.3,344.0,346.5,50.6,0.0,0.0,3.0,0,76000,0.0,0.0,0,0
34/10-31,2.4,344.0,346.5,50.8,0.0,0.0,8.0,0,70000,0.0,0.0,0,0
34/10-31,2.5,344.0,346.5,50.8,0.0,0.0,8.0,0,68000,0.0,0.0,0,0
34/10-31,2.6,344.0,346.5,50.8,0.0,0.0,8.0,0,67000,0.0,0.0,0,0
34/10-31,2.7,344.0,346.5,50.8,0.0,0.0,8.0,0,67000,0.0,0.0,0,0
34/10-31,2.8,344.0,346.5,50.8,0.0,0.0,1.0,0,62000,0.0,0.0,0,0
34/10-31,2.9,344.0,346.5,50.8,0.0,0.0,1.0,0,61000,0.0,0.0,0,0
34/10-31,3.0,344.0,346.5,50.8,0.0,0.0,0.0,0,64000,0.0,0.0,0,0
34/10-31,3.1,344.0,346.5,50.8,0.0,0.0,0.0,0,64000,0.0,0.0,0,0
34/10-31,3.2,344.0,346.5,50.8,0.0,0.0,0.0,0,67000,0.0,0.0,0,0
34/10-31,3.3,344.0,346.5,50.8,0.0,0.0,1.0,0,66000,0.0,0.0,0,0
34/10-31,3.4,344.0,346.5,50.8,0.0,0.0,1.0,0,65000,0.0,0.0,0,0
34/10-31,3.5,344.0,346.5,50.8,0.0,0.0,1.0,0,64000,0.0,0.0,0,0
34/10-31,3.6,344.0,346.5,50.8,0.0,0.0,1.0,0,64000,0.0,0.0,0,0
34/10-31,3.7,344.0,346.5,50.8,0.0,0.0,1.0,0,63000,0.0,0.0,0,0
34/10-31,3.8,344.0,346.5,50.8,2.0,0.0,2.0,0,63000,0.0,0.0,0,0
34/10-32,1.0,3468.0,3482.0,15.9,0.0,0.0,0.0,0,0,0.0,0.661,0,0
34/10-32,2.0,3379.0,3385.0,12.7,0.0,0.0,0.0,870,118000,0.858,0.642,136,0
34/10-32 R,1.0,3457.0,3471.0,15.9,32.0,24.0,33.0,0,1000,0.0,0.661,0,0
34/10-32 R,2.0,3368.0,3374.0,2.5,25.0,13.0,0.0,2680,0,0.855,0.646,0,0
34/10-33,1.0,3378.0,3394.0,12.7,0.0,0.0,21.0,288,51000,0.854,0.68,176,0
34/10-33,1.3,3359.0,3374.0,28.6,0.0,0.0,30.0,1318,211900,0.856,0.68,161,123
34/10-33,2.1,3279.0,3307.0,19.1,0.0,0.0,32.0,850,376700,0.85,0.665,443,0
34/10-33,2.2,3279.0,3329.0,19.1,0.0,0.0,43.5,1403,302100,0.85,0.66,218,122
34/10-33 C,1.0,3448.0,3517.0,20.6,23.0,16.0,42.0,1635,305558,0.859,0.68,186,0
34/10-33 CR,1.0,3448.0,3517.0,20.6,23.0,16.0,42.0,1635,313300,0.859,0.68,193,124
34/10-33 CR,1.2,3448.0,3517.0,0.0,0.0,0.0,0.0,0,0,0.0,0.0,0,125
34/10-34,1.0,1994.0,2001.0,19.0,0.0,0.0,0.0,1545,135784,0.86,0.68,87,75
34/10-35,1.0,4015.0,4025.0,15.8,190.0,0.0,0.0,130,630000,0.795,0.665,4800,0
34/10-35,2.0,3984.0,3995.0,12.7,0.0,390.0,0.0,220,990000,0.795,0.667,4500,0
34/10-35,3.0,3920.0,3930.0,15.8,0.0,0.0,0.0,113,340000,0.794,0.684,3000,0
34/10-36,1.0,3371.2,0.0,14.3,0.0,14.0,0.0,836,161490,0.861,0.685,194,0
34/10-37 A,1.0,2667.0,2697.0,20.0,8.5,0.0,35.4,1950,645000,0.82,0.73,330,97
34/10-37 A,1.1,2667.0,0.0,11.1,0.0,0.0,0.0,500,0,0.82,0.72,300,0
34/10-37 A,1.2,2667.0,0.0,0.0,0.0,0.0,0.0,1969,0,0.82,0.73,320,0
34/10-37 A,1.3,2667.0,0.0,0.0,0.0,0.0,0.0,1969,0,0.82,0.73,320,0
34/10-37 A,1.4,2667.0,0.0,11.1,0.0,0.0,0.0,595,0,0.0,0.0,309,0
34/10-38 S,1.0,3637.0,3646.0,25.4,0.0,0.0,0.0,1,0,0.875,0.0,0,0
34/10-38 S,2.0,3561.0,3570.0,14.3,0.0,0.0,0.0,858,199056,0.846,0.807,232,0
34/10-4,1.0,1880.0,1885.0,7.9,0.0,0.0,0.0,279,24300,0.88,0.0,87,72
34/10-4,2.0,1824.0,1826.0,14.7,0.0,0.0,0.0,810,67400,0.88,0.0,83,71
34/10-44 S,1.0,4654.0,4868.0,17.4,0.0,0.0,0.0,550,560000,0.77,0.742,1020,0
34/10-44 S,2.0,4627.0,4649.0,11.1,0.0,0.0,0.0,645,350000,0.795,0.745,542,0
34/10-5,1.0,1900.0,1902.0,12.7,0.0,0.0,0.0,724,59400,0.882,0.0,82,74
34/10-7,1.0,1833.0,1840.0,15.9,0.0,0.0,0.0,471,0,0.832,0.0,126,0
34/10-7 R,1.0,1858.0,1865.0,15.9,0.0,0.0,0.0,473,59000,0.832,0.642,124,0
34/10-7 R,2.0,1835.0,1865.0,15.9,0.0,0.0,0.0,810,99000,0.826,0.68,122,0
34/10-7 R,3.0,1810.0,1824.0,12.7,0.0,0.0,0.0,830,110000,0.83,0.68,133,0
34/10-8,1.0,1845.0,1848.0,12.7,0.0,0.0,0.0,501,0,0.882,0.0,117,0
34/10-9,1.0,2078.0,2084.0,9.5,32.0,15.0,0.0,35,2715,0.854,0.0,77,0
34/10-9,2.0,2059.0,2065.0,9.5,33.0,32.0,0.0,751,48428,0.847,0.0,65,0
34/10-9,3.0,1879.0,1885.0,12.7,31.0,30.0,0.0,727,42480,0.866,0.0,62,0
34/11-1,1.0,4116.5,4137.0,12.7,0.0,40.0,67.0,387,664221,0.794,0.69,1728,69
34/11-2 S,1.0,4260.0,4240.0,15.8,0.0,0.0,0.0,0,0,0.0,0.0,0,0
34/11-2 S,2.0,4185.0,4260.0,12.7,6.0,8.0,13.0,125,126100,0.791,0.72,1009,133
34/11-2 S,3.0,4142.5,4068.0,12.7,0.0,8.0,14.0,75,172288,0.801,0.68,2305,125
34/12-1,1.0,4321.0,4356.0,15.9,0.0,0.0,0.0,33,216000,0.78,0.0,6600,0
34/3-1 S,1.0,3866.0,3950.0,9.5,0.0,0.0,0.0,1239,42789,0.798,0.795,35,134
34/3-3 S,1.0,3912.0,3928.0,12.7,0.0,0.0,0.0,1200,75700,0.778,0.832,62,137
34/4-1,1.0,2608.0,2613.0,0.0,0.0,0.0,0.0,0,0,0.0,0.0,0,0
34/4-1,2.0,2510.0,2536.0,6.3,38.1,35.0,0.0,238,28560,0.82,0.712,120,94
34/4-13 S,1.0,4803.0,4815.0,13.6,0.0,73.8,74.9,1400,0,0.0,0.0,0,115
34/4-4,1.0,2618.0,2626.0,12.7,0.0,0.0,0.0,0,0,0.0,0.0,0,0
34/4-4,2.0,2572.0,2578.0,10.3,0.0,0.0,0.0,461,0,0.0,0.0,94,0
34/4-4,3.0,2512.0,2516.0,6.3,0.0,0.0,0.0,54,0,0.0,0.0,0,0
34/4-4,4.0,2429.0,2437.0,17.5,0.0,0.0,0.0,1749,200000,0.83,0.0,70,0
34/4-5,1.0,3598.5,3589.0,3.2,2.06,0.0,0.0,0,0,0.0,0.0,0,132
34/4-5,2.0,3480.7,3462.7,4.0,13.68,0.0,62.55,48,11520,0.834,0.82,240,128
34/4-6,1.0,2592.0,2595.0,6.4,0.0,0.0,0.0,0,0,0.0,0.0,0,93
34/4-6,1.1,2577.0,2585.0,12.7,0.0,0.0,0.0,1173,72726,0.821,0.77,62,93
34/4-7,1.0,2596.0,2579.0,7.9,0.0,13.0,38.0,190,19950,0.833,0.87,105,99
34/4-7,2.0,2506.0,2566.0,14.3,0.0,0.0,0.0,1378,118000,0.835,0.73,85,96
34/6-2 S,1.0,3677.0,3750.0,11.0,0.0,0.0,0.0,670,0,0.0,0.0,0,0
34/6-3 S,1.0,3911.0,3998.0,9.5,0.0,0.0,0.0,950,16731,0.82,0.927,42,132
34/7-1,1.0,2581.0,2574.0,11.0,0.0,18.0,36.0,35,720000,0.826,0.0,2000,0
34/7-1,2.0,2455.0,2467.0,9.5,0.0,0.0,0.0,509,40000,0.825,0.0,80,0
34/7-1,3.0,2409.7,2416.5,17.5,0.0,0.0,0.0,1815,126000,0.83,0.0,70,0
34/7-10,1.0,2636.7,2632.7,6.4,0.0,15.0,37.0,3,0,8.47,0.0,0,82
34/7-10,2.0,2615.0,2609.5,12.7,0.0,2.0,37.0,219,17000,8.77,0.0,78,90
34/7-10,3.0,2570.5,2561.0,12.7,0.0,10.0,38.0,960,45000,0.838,0.838,47,95
34/7-10,4.0,2551.5,2549.0,6.4,0.0,11.0,38.0,272,18000,0.835,0.835,66,78
34/7-12,1.0,2276.2,2282.2,12.7,15.0,0.0,49.0,0,1685,0.0,0.0,0,84
34/7-12,2.0,2229.0,2235.0,12.7,19.0,0.0,43.0,881,59000,0.841,0.722,68,83
34/7-12,3.0,2205.5,2209.5,14.3,23.0,0.0,48.0,1460,96000,0.84,0.695,66,82
34/7-13,1.0,2500.5,2504.0,16.0,34.0,0.0,15.0,1350,68850,0.84,0.0,51,88
34/7-14,1.0,2232.0,2241.0,12.7,15.4,0.0,32.5,960,0,0.716,0.0,0,84
34/7-14,2.0,2204.0,2210.0,14.3,15.7,0.0,33.0,1120,0,0.712,0.0,0,83
34/7-16 R,1.0,2454.0,2458.0,111.0,13.2,0.0,36.6,950,52250,0.86,0.71,55,90
34/7-16 R,2.0,2401.0,2414.0,12.7,15.9,0.0,36.2,1310,62040,0.86,0.71,47,89
34/7-16 R,3.0,2821.0,2837.0,0.0,0.0,0.0,0.0,0,0,0.0,0.0,0,102
34/7-17 A,1.0,2495.0,2499.0,15.6,5.0,0.0,25.0,719,36000,0.85,0.8,50,91
34/7-18,1.0,1770.0,1784.0,8.0,6.0,0.0,25.0,46,0,0.89,0.0,0,61
34/7-19,1.0,2455.0,2468.0,14.3,13.0,0.0,36.0,1070,0,0.835,0.0,40,83
34/7-19,2.0,2542.0,2557.0,6.4,13.0,0.0,37.0,290,0,0.0,0.0,0,86
34/7-21,1.0,2510.0,2537.0,12.7,14.0,0.0,32.0,884,0,0.85,0.89,95,91
34/7-22,1.0,2236.0,2242.0,14.3,15.0,0.0,33.0,1154,0,0.84,0.69,67,84
34/7-25 S,1.0,2817.0,2791.0,15.9,0.0,0.0,30.0,1039,101920,0.84,0.73,98,82
34/7-26 A,1.0,4204.0,4208.0,17.5,14.0,0.0,30.0,1361,0,0.0,0.0,0,89
34/7-26 A,2.0,4140.0,4180.0,0.0,0.0,0.0,0.0,0,0,0.0,0.0,0,88
34/7-29 SR,1.0,2704.0,2716.0,17.5,8.15,0.0,0.0,863,119520,0.842,0.0,138,94
34/7-3,1.0,2601.0,2607.0,8.0,0.0,0.0,0.0,300,8400,0.84,0.0,28,0
34/7-3,2.0,2505.0,2513.0,11.0,0.0,0.0,0.0,680,17680,0.836,0.0,26,0
34/7-3,3.0,2440.5,2449.0,12.7,0.0,0.0,0.0,1370,43872,0.838,0.0,32,0
34/7-4,1.0,2547.0,2563.0,9.5,192.0,131.0,385.0,865,35000,0.833,0.74,33,0
34/7-5,1.0,2502.5,2512.0,9.5,13.0,9.0,36.0,318,46000,0.085,0.76,145,0
34/7-5,2.0,2502.0,2512.0,9.5,0.0,11.0,0.0,262,4000,0.845,0.0,151,0
34/7-6,1.0,2687.0,2679.0,12.7,0.0,0.0,0.0,0,0,0.0,0.0,0,0
34/7-6,1.1,2687.0,2679.0,12.0,0.0,560.0,31.0,0,0,0.0,0.0,1,0
34/7-6,2.0,2549.5,2572.5,7.9,0.0,0.0,36.0,522,3000,0.834,0.862,63,0
34/7-6,3.0,2518.5,2522.5,6.3,0.0,18.0,35.0,391,0,0.837,0.0,0,0
34/7-6,3.1,2526.5,2536.5,14.3,0.0,15.0,37.0,1725,83000,0.836,0.745,48,0
34/7-7,1.0,2561.5,2569.5,14.3,0.0,0.0,0.0,1720,44720,0.84,0.0,26,0
34/7-7,2.0,2614.8,2611.8,17.5,36.0,26.0,26.0,1001,39400,0.84,0.0,39,0
34/7-8,1.1,2359.0,2374.0,6.4,2.6,0.0,19.0,64,3520,0.855,0.0,55,0
34/7-8,1.2,2359.0,2374.0,19.1,1.0,0.0,43.0,120,5520,0.851,0.0,46,0
34/7-8,3.0,2334.0,2329.0,6.4,14.0,9.0,41.0,272,14144,0.84,0.0,52,86
34/7-8,4.0,2284.0,2276.0,17.5,14.0,0.0,48.0,1337,70861,0.83,0.0,53,85
34/7-9,1.0,2553.5,2500.5,15.9,35.0,9.0,33.0,896,79000,0.839,0.778,88,92
34/7-9,1.1,2536.0,2527.0,15.9,0.0,0.0,0.0,1135,109000,0.835,0.805,96,93
34/7-9,1.2,2515.0,2506.0,15.9,0.0,0.0,0.0,893,79000,0.835,0.795,89,94
34/7-9,1.3,2504.0,2501.0,15.9,0.0,0.0,0.0,896,79000,0.838,0.805,88,95
34/8-1,1.0,2880.0,2900.0,11.1,0.0,0.0,42.2,0,2400,0.0,0.62,3,106
34/8-1,2.0,2845.1,2857.1,9.5,0.0,0.0,41.6,429,248000,0.834,0.66,579,105
34/8-1,3.0,2767.9,2806.9,19.0,0.0,0.0,41.4,447,952110,0.745,0.67,2130,102
34/8-10 S,1.0,3039.0,3052.0,17.4,0.0,0.0,0.0,1180,414000,0.823,0.755,350,114
34/8-11,1.0,2942.0,2956.0,15.8,0.0,0.0,0.0,1142,285300,0.841,0.755,250,111
34/8-11,2.0,2913.0,2956.0,15.8,0.0,0.0,0.0,1135,291800,0.839,0.735,257,112
34/8-3,1.0,2935.0,2947.0,4.8,0.0,0.0,0.0,68,18200,0.847,0.635,268,109
34/8-3,2.0,2905.0,2921.0,28.6,0.0,0.0,0.0,613,1540000,0.775,0.64,2520,110
34/8-3,3.0,2868.0,2880.0,25.4,0.0,0.0,0.0,554,1540000,0.782,0.648,2776,110
34/8-3 A,1.0,3087.0,3093.0,12.7,0.0,0.0,0.0,746,153000,0.85,0.646,205,0
34/8-3 A,1.1,3071.6,3093.0,12.7,0.0,0.0,0.0,782,156000,0.85,0.65,199,0
34/8-4 A,1.0,3323.0,3341.0,14.2,23.0,0.0,49.0,936,211536,0.815,0.77,226,118
34/8-4 A,2.0,3214.0,3228.0,12.7,1.0,0.0,7.0,35,15680,0.8,0.81,448,105
34/8-4 A,3.0,3160.0,3184.0,19.0,11.0,0.0,27.0,821,170768,0.82,0.74,208,113
34/8-4 A,4.0,3056.0,3108.0,12.7,26.0,0.0,45.0,831,181158,0.821,0.74,218,110
34/8-4 A,5.0,2988.0,3019.0,14.3,26.0,0.0,44.0,992,225184,0.82,0.74,227,109
34/8-4 S,1.0,3219.0,3241.0,15.8,17.0,0.0,0.0,441,410130,0.782,0.728,930,113
34/8-4 S,2.1,3133.0,3143.0,17.4,25.0,0.0,0.0,754,605000,0.788,0.734,803,114
34/8-4 S,2.2,3066.0,3142.0,20.6,23.0,0.0,0.0,985,792000,0.785,0.739,805,112
34/8-4 S,3.0,3000.0,3017.0,21.4,20.0,0.0,0.0,908,708000,0.777,0.738,781,110
34/8-4 S,4.0,2903.0,2917.0,25.4,6.0,0.0,0.0,205,480000,0.77,0.69,2418,0
34/8-7 R,1.0,5118.0,5210.0,6.3,0.0,0.0,86.4,0,0,0.0,0.0,0,170
34/8-7 R,2.0,4671.0,4731.0,19.0,0.0,0.0,7.6,0,18673,0.0,0.72,0,150
34/8-8 R,1.0,2960.0,2973.0,12.7,20.0,0.0,42.0,775,106300,0.852,0.665,137,112
34/8-8 R,2.0,2921.0,2950.0,19.0,8.0,0.0,23.0,956,147100,0.844,0.66,164,112
35/11-18 A,1.0,3804.0,3834.0,12.7,0.0,0.0,0.0,520,97074,0.818,0.0,341,144
35/11-18 A,2.0,3704.0,3724.0,15.8,0.0,0.0,0.0,856,219060,0.809,0.0,370,141
35/11-2,1.0,3551.0,3559.0,10.7,0.0,36.0,50.0,0,0,0.0,0.0,5,136
35/11-2,2.0,3524.0,3542.0,18.3,45.0,0.0,49.0,280,36900,0.811,0.719,1319,133
35/11-2,3.0,3477.0,3486.5,15.9,0.0,42.0,49.0,510,531000,0.82,0.739,1041,133
35/11-2,4.0,3427.0,3432.0,17.4,0.0,31.0,48.0,425,402400,0.822,0.74,946,135
35/11-2,5.0,3374.0,3378.0,12.7,0.0,29.0,48.0,415,177400,0.828,0.78,427,130
35/11-4 R,1.0,2676.0,2684.0,12.4,0.0,26.0,27.0,456,77955,0.81,0.73,1709,104
35/11-4 R,2.0,2286.0,2293.0,15.8,0.0,21.0,23.0,545,564066,0.832,0.653,1034,93
35/11-4 R,3.0,2034.0,2046.0,17.5,0.0,20.0,21.0,682,660697,0.845,0.678,954,84
35/11-4 R,4.0,2010.0,2013.0,6.4,0.0,19.0,20.0,44,799943,0.818,0.648,1818,82
35/11-7,1.0,2476.0,2491.0,15.9,0.0,12.0,24.0,662,195384,0.802,0.7,295,90
35/11-7,2.0,1829.4,1846.4,15.9,0.0,12.0,24.0,636,39643,0.802,0.73,62,75
35/11-8 S,1.0,2924.0,2931.0,19.1,26.0,21.0,27.0,700,79000,0.85,0.72,112,104
35/11-8 S,2.0,2910.0,2920.0,19.1,26.0,24.0,27.0,860,82000,0.85,0.69,95,105
35/11-8 S,3.0,2886.0,2901.0,12.7,26.0,25.0,27.0,520,58000,0.85,0.706,112,103
35/12-4 S,1.0,3082.0,3127.0,17.4,0.0,0.0,0.0,1010,90243,0.807,0.746,89,0
35/2-2,1.0,581.0,600.0,48.0,3.8,0.0,5.3,0,1200000,0.0,0.0,0,12
35/3-2,1.0,3599.0,3605.0,15.0,0.0,0.0,0.0,0,0,0.0,0.0,0,0
35/3-2,2.0,3552.0,3566.0,15.0,0.0,0.0,0.0,53,1082000,0.819,0.62,0,0
35/3-4,2.0,3445.0,3471.0,14.3,0.0,0.0,0.0,84,688000,0.778,0.62,8190,0
35/8-1,1.0,3636.0,3645.0,15.9,0.0,0.0,0.0,204,651000,0.804,0.0,3197,0
35/8-1,2.0,3636.0,3645.0,15.9,0.0,0.0,0.0,204,651000,0.804,0.0,3197,0
35/8-1,3.0,3636.0,3645.0,15.9,0.0,0.0,0.0,204,651000,0.804,0.0,3197,0
35/8-1,4.0,3565.0,3575.0,19.5,0.0,0.0,0.0,229,920000,0.799,0.656,4070,0
35/8-2,1.0,3694.0,3703.0,17.5,0.0,0.0,0.0,305,447000,0.797,0.67,1467,133
35/8-2,2.0,3306.0,3315.0,17.5,0.0,0.0,0.0,205,214000,0.797,0.67,1044,126
35/9-1,1.0,2285.8,2291.8,25.4,7.3,0.0,0.0,903,256452,0.815,0.705,284,80
35/9-1,2.0,2225.4,2249.4,17.6,15.0,0.0,0.0,198,598000,0.728,0.681,3014,78
35/9-1,3.0,2100.3,2138.3,25.4,11.6,0.0,0.0,179,912000,0.749,0.705,5098,74
35/9-2,1.0,2330.0,2342.0,12.7,14.4,0.0,0.0,289,2063000,0.826,0.608,714,83
35/9-2,2.0,2295.0,2310.0,25.4,11.2,0.0,0.0,206,881000,0.72,0.668,4276,0
35/9-2,3.0,2187.0,2211.0,25.4,10.6,0.0,0.0,205,803000,0.732,0.664,3897,0
35/9-2,4.0,2100.0,2130.0,25.4,11.9,0.0,0.0,202,954000,0.726,0.664,4717,0
35/9-8,1.0,2776.0,2789.0,9.5,0.0,0.0,0.0,300,53400,0.0,0.0,0,0
36/1-1,1.0,1550.0,1556.0,0.0,0.0,0.0,0.0,0,0,0.0,0.0,0,0
36/1-1,2.0,1489.0,1496.0,0.0,0.0,0.0,0.0,0,0,0.0,0.0,0,0
36/7-1,1.0,2362.9,2367.9,25.4,24.0,22.0,24.0,1025,171175,0.82,0.8,167,83
36/7-4,1.0,2428.0,2470.0,28.6,0.0,0.0,0.0,0,1240000,0.801,0.637,15592,0
6/3-1,1.0,3015.0,3023.0,19.5,0.0,0.0,0.0,765,121000,0.86,0.0,158,0
6/3-1,1.1,3015.0,3023.0,25.4,0.0,0.0,0.0,907,141000,0.86,0.0,155,0
6/3-1,2.0,2978.0,2993.0,25.4,36.0,12.0,35.0,409,889900,0.768,0.0,2176,0
6/3-1,3.0,2902.0,2921.0,0.0,0.0,0.0,39.0,0,0,0.0,0.0,0,0
6/3-2,1.0,3776.0,3772.0,31.8,0.0,0.0,0.0,0,0,0.0,0.0,0,0
6201/11-1,3.0,2712.6,2716.7,10.3,0.0,0.0,0.0,91,72000,0.835,0.63,798,0
6205/3-1 R,1.0,4324.1,4344.1,12.7,0.0,0.0,36.08,0,0,0.0,0.0,0,138
6305/4-1,1.0,2770.0,2797.0,31.7,0.0,15.3,0.0,145,1860000,0.0,0.0,12827,0
6305/7-1,1.0,2915.0,2931.0,23.8,0.0,0.0,28.96,58,638000,0.77,0.61,11000,90
6306/10-1,1.0,2967.0,3158.0,0.0,0.0,0.0,0.0,0,0,0.0,0.0,0,0
6405/7-1,1.0,2758.0,2811.7,12.7,0.0,0.0,0.0,40,7000,0.0,0.0,175,72
6406/11-1 S,1.0,4027.0,4060.0,6.4,1.0,0.0,51.0,0,0,0.0,0.0,0,141
6406/11-1 S,2.0,3709.0,3723.0,31.8,2.0,0.0,35.0,19,0,0.0,0.0,0,134
6406/11-1 S,3.0,3692.0,3723.0,16.7,2.3,0.0,37.0,0,0,0.0,0.0,0,139
6406/12-3 S,1.0,3637.3,3724.5,22.2,0.0,0.0,0.0,1017,0,0.845,0.0,160,0
6406/2-1 R,1.0,5227.0,5201.0,6.4,51.0,45.0,51.0,0,0,0.0,0.0,0,175
6406/2-1 R,2.0,5170.0,5099.0,20.6,51.0,49.0,51.0,0,0,0.0,0.0,0,173
6406/2-1 R,3.0,5041.0,5021.0,12.7,48.0,13.0,53.0,22,88000,0.796,0.77,4000,157
6406/2-1 R,4.0,4924.0,4910.0,12.7,48.0,28.0,52.0,69,289000,0.783,0.77,4200,169
6406/2-1 R,5.0,4858.0,4816.0,28.6,50.0,26.0,52.0,273,788000,0.803,0.77,2700,167
6406/2-1 R,6.0,4704.0,4645.0,28.6,38.0,22.0,51.0,247,716300,0.798,0.73,2900,158
6406/2-1 R,7.0,4495.0,4427.0,25.4,38.0,19.0,0.0,4,0,0.8,0.73,0,157
6406/2-2,1.0,4927.0,4868.0,19.1,51.0,10.0,52.0,91,223000,0.804,0.941,2450,176
6406/2-2,2.0,4745.6,4714.5,27.0,41.0,32.0,51.0,575,1021000,0.784,1.03,1808,171
6406/2-3,1.0,4832.0,4806.1,17.0,90.0,89.0,91.0,890,892000,0.791,0.72,1003,167
6406/2-3,2.0,4654.4,4629.0,17.5,88.0,81.0,89.0,1048,777000,0.792,0.72,744,166
6406/2-4 SR,1.0,4905.0,4874.0,9.5,44.0,31.0,52.0,93,237000,0.773,0.78,2925,0
6406/2-4 SR,2.0,4704.0,4684.0,7.9,50.0,12.0,51.0,18,42855,0.789,0.743,2300,0
6406/2-5 A,1.0,5304.4,5334.0,11.1,87.0,38.0,0.0,274,221500,0.795,0.745,821,0
6406/2-7,1.0,4558.0,4573.0,0.0,50.0,78.0,0.0,678,496000,0.806,0.0,731,164
6406/3-1,1.0,3782.5,3787.5,15.9,11.0,50.0,67.0,0,8000,0.0,0.0,6,140
6406/3-2,1.0,4302.0,4336.0,12.7,0.0,0.0,38.0,0,0,0.0,0.0,0,146
6406/3-2,2.0,3937.0,3995.0,11.0,2.0,0.0,24.0,645,129000,0.825,0.0,200,145
6406/3-4,1.0,4175.0,4198.0,25.4,0.0,0.0,43.0,0,0,0.0,0.0,0,0
6406/3-4,2.0,4103.0,4117.0,7.9,0.0,0.0,41.0,0,0,0.0,0.0,0,0
6406/3-4,3.0,4054.0,4082.0,4.0,0.0,0.0,40.0,0,0,0.0,0.0,0,0
6406/8-1,1.0,4718.0,4711.0,6.3,71.0,48.0,0.0,0,0,0.0,0.0,0,0
6406/8-1,2.0,4413.0,4453.0,9.5,0.0,0.0,0.0,0,0,0.0,0.0,0,0
6406/9-1,1.0,4964.0,5004.0,22.0,0.0,0.0,23.0,0,1410000,0.0,0.0,0,43
6406/9-1,2.0,4619.0,4634.0,19.0,0.0,0.0,28.0,0,1440000,0.0,0.0,0,49
6407/1-2,1.0,3659.0,3669.0,19.0,0.0,0.0,0.0,454,394000,0.792,0.735,869,134
6407/1-3,1.0,3697.5,3702.5,19.1,0.0,0.0,0.0,137,867000,0.872,0.665,158,0
6407/1-3,2.0,3665.0,3670.0,25.4,0.0,0.0,0.0,253,875000,0.776,0.655,3458,0
6407/1-4,1.0,3693.0,3687.0,12.7,0.0,3.0,15.1,244,29505,0.86,0.69,121,136
6407/1-5 S,1.0,3809.0,3822.0,16.0,0.0,0.0,0.0,101,18512,0.789,0.904,183,135
6407/2-2,1.0,2476.0,2484.0,23.8,0.0,0.0,0.0,119,994000,0.77,0.69,0,0
6407/2-3,1.0,2518.2,2508.7,38.1,9.0,17.0,0.0,271,1285000,0.766,0.705,4740,92
6407/2-3,2.0,2435.8,2427.8,38.1,9.0,17.0,0.0,213,1321000,0.768,0.705,6210,89
6407/4-1,1.0,4159.0,4166.0,0.0,0.0,0.0,0.0,0,0,0.0,0.0,0,148
6407/4-1,2.0,3889.0,3919.0,17.5,0.0,0.0,0.0,20,32500,0.807,0.81,1625,142
6407/6-3,1.0,2570.0,2577.0,12.7,0.0,0.0,0.0,115,228000,0.818,0.77,1979,0
6407/6-3,2.0,2546.0,2555.0,19.1,0.0,0.0,0.0,260,753000,0.752,0.755,2897,0
6407/6-3,3.0,2479.0,2489.0,19.1,0.0,0.0,0.0,326,746000,0.741,0.72,2288,0
6407/7-1 S,1.0,3099.5,3113.5,25.4,0.0,0.0,0.0,0,0,0.0,0.0,0,0
6407/7-1 S,2.0,3022.9,3034.4,25.4,0.0,0.0,0.0,85,19000,0.832,0.8,229,0
6407/7-1 S,3.0,2946.5,2973.0,12.7,0.0,0.0,0.0,210,147000,0.824,0.707,208,0
6407/7-1 S,4.0,2840.0,2886.0,12.7,0.0,0.0,0.0,204,148000,0.825,0.693,202,0
6407/7-1 S,5.0,2758.0,2781.0,25.4,0.0,0.0,0.0,221,170000,0.823,0.732,220,0
6407/7-2,1.0,2869.8,2878.8,12.7,0.0,0.0,0.0,125,24000,0.829,0.744,190,0
6407/7-2,2.0,2801.5,2819.5,12.7,0.0,0.0,0.0,575,106000,0.825,0.685,184,0
6407/7-3,1.0,3046.8,3067.8,25.4,0.0,0.0,0.0,16,0,0.831,0.0,0,0
6407/7-3,2.0,2990.0,3014.0,50.8,0.0,0.0,0.0,527,119000,0.809,0.737,227,0
6407/7-3,3.0,2852.1,2867.9,25.4,0.0,0.0,0.0,950,396000,0.808,0.745,417,0
6407/7-4,1.0,3126.0,3138.5,11.1,0.0,0.0,0.0,0,424,0.0,0.69,0,119
6407/7-4,2.0,2999.0,3008.0,7.9,0.0,0.0,0.0,242,46000,0.83,0.74,185,115
6407/7-4,3.0,3028.0,3071.0,12.7,0.0,0.0,0.0,740,125000,0.84,0.72,169,117
6407/7-6,1.0,3686.0,3770.0,16.0,0.0,52.45,0.0,220,155000,0.815,0.0,705,136
6407/9-1,1.0,1632.0,1638.0,48.0,0.0,0.0,0.0,1351,51338,0.82,0.89,38,68
6407/9-2,1.0,1670.0,1675.5,15.8,0.0,0.0,0.0,0,0,0.0,0.0,0,0
6407/9-2,2.0,1651.0,1657.0,38.0,0.0,0.0,0.0,1177,43549,0.825,0.96,37,0
6407/9-3,1.0,1630.5,1642.5,50.8,0.0,0.0,0.0,2500,49000,0.825,0.81,21,0
6407/9-4,1.0,1708.0,1713.0,0.0,0.0,0.0,0.0,0,0,0.0,0.0,0,0
6407/9-4,2.0,1662.0,1668.0,25.4,0.0,0.0,0.0,962,0,0.82,0.82,36,0
6407/9-5,1.0,1654.0,1661.0,25.4,0.0,0.0,0.0,1203,23000,0.825,0.785,17,0
6506/11-1,1.0,3741.0,3745.0,9.5,30.0,0.0,20.0,0,690,0.0,0.645,0,122
6506/11-2,1.0,4668.0,4704.0,31.0,0.0,10.5,48.9,554,770733,0.807,0.765,1392,160
6506/11-2,2.0,4553.0,4597.0,31.0,0.0,6.8,48.0,481,440000,0.0,0.0,915,157
6506/11-2,3.0,4486.0,4510.0,0.0,0.0,0.0,0.0,0,0,0.0,0.0,0,0
6506/11-2,4.0,4371.0,4420.0,25.4,0.0,14.5,47.7,714,1028000,0.78,0.73,1440,153
6506/11-2,5.0,4005.0,4048.0,14.3,0.0,3.5,66.4,136,69845,0.82,0.78,513,138
6506/11-2,6.0,3373.5,3398.5,9.5,0.0,5.0,48.5,40,6825,0.826,0.775,170,113
6506/11-3,1.0,3120.0,3142.0,12.7,0.0,3.0,34.0,0,1817,0.0,0.0,0,105
6506/11-4 S,1.0,5039.0,5073.0,15.9,0.0,15.0,0.0,725,395000,0.8,0.738,545,163
6506/11-6,1.0,4839.0,4849.0,14.3,0.0,0.0,0.0,557,568000,0.789,0.715,1019,172
6506/11-6,2.0,4695.0,4736.0,4.7,0.0,0.0,0.0,105,78000,0.795,0.715,743,163
6506/11-6,3.0,4649.0,4668.0,14.3,0.0,0.0,0.0,770,533000,0.795,0.715,692,168
6506/11-7,1.0,4751.0,4818.0,12.0,0.0,0.0,0.0,0,0,0.0,0.0,0,161
6506/11-7,2.0,4668.0,4700.0,11.0,0.0,0.0,49.0,680,253000,0.0,0.0,372,168
6506/11-7,3.0,4590.0,4631.0,3.8,0.0,0.0,38.0,240,127000,0.0,0.0,529,166
6506/12-1,1.0,4504.0,4509.0,31.8,67.0,44.0,71.0,0,0,0.0,0.0,0,0
6506/12-1,2.0,4351.0,4373.0,25.4,33.0,12.0,43.0,517,692000,0.79,0.75,1352,0
6506/12-1,3.0,4291.3,4304.2,3.2,0.0,0.0,47.0,0,0,0.0,0.0,0,0
6506/12-1,4.1,4251.0,4261.0,25.4,0.0,19.0,47.0,700,547000,0.805,0.0,928,0
6506/12-1,5.0,4218.0,4203.0,19.0,0.0,104.0,0.0,350,550000,0.79,0.0,1571,0
6506/12-1,5.1,4218.0,4203.0,19.0,0.0,104.0,0.0,273,410000,0.79,0.0,1500,0
6506/12-1,6.0,4095.0,4110.0,0.0,0.0,0.0,0.0,0,0,0.0,0.0,0,0
6506/12-1,7.0,3993.0,4011.0,31.8,0.0,0.0,0.0,511,728000,0.79,0.75,1424,0
6506/12-10 A,1.0,5706.5,5686.0,19.0,0.0,22.0,0.0,450,168750,0.81,0.0,375,165
6506/12-11 S,1.0,5235.5,5226.0,20.6,0.0,12.0,0.0,690,453000,0.84,0.0,656,162
6506/12-11 S,2.0,5206.5,5197.5,19.0,0.0,73.0,0.0,470,173900,0.831,0.775,360,162
6506/12-11 SR,2.0,5206.5,5197.5,22.2,0.0,0.0,0.0,740,0,0.834,0.772,386,0
6506/12-3,1.0,4222.0,4241.0,25.4,0.0,83.0,0.0,820,372000,0.81,0.803,454,120
6506/12-3,2.0,4165.0,4170.0,25.4,0.0,10.0,0.0,54,68000,0.82,0.907,1264,120
6506/12-3,3.0,3960.0,3980.0,25.4,0.0,7.0,0.0,297,445000,0.795,0.755,1500,118
6506/12-3,4.0,3880.5,3890.0,28.6,0.0,9.0,0.0,790,416000,0.82,0.765,526,121
6506/12-3,5.0,3822.0,3836.0,9.5,7.0,0.0,23.0,100,29000,0.83,0.797,290,120
6506/12-3,6.0,3162.0,3173.0,32.0,0.0,14.0,40.0,92,28000,0.785,0.797,304,0
6506/12-3,6.1,3162.0,3173.0,15.8,0.0,128.0,0.0,329,57000,0.814,0.797,173,0
6506/12-4,1.0,3133.0,3150.0,12.7,17.0,0.0,0.0,0,0,0.0,0.0,0,0
6506/12-5,1.0,4040.0,4025.0,19.0,1.0,1.0,10.0,0,0,0.0,0.0,0,141
6506/12-5,1.1,4040.0,4025.0,19.0,0.0,0.0,0.0,0,0,0.0,0.0,0,0
6506/12-5,2.0,4004.0,4009.5,19.0,0.0,0.0,41.0,208,55000,0.827,0.0,264,140
6506/12-5,2.1,4004.0,4009.5,19.0,40.0,16.0,41.0,208,55000,0.827,0.0,264,0
6506/12-5,4.0,3174.0,3177.5,15.9,45.0,8.0,24.0,590,116000,0.8,0.0,196,0
6506/12-6,1.0,4514.0,4525.0,9.5,18.0,10.0,0.0,128,41000,0.819,0.765,345,158
6506/12-6,1.1,4549.0,4592.0,9.5,18.0,10.0,0.0,128,58000,0.819,0.0,410,0
6506/12-6,1.2,4514.0,4525.0,9.5,18.0,10.0,0.0,128,44000,0.819,0.0,345,0
6506/12-6,1.3,4549.0,4592.0,9.5,18.0,10.0,0.0,128,44000,0.819,0.0,345,0
6506/12-6,1.4,4514.0,4525.0,0.0,18.0,0.0,0.0,0,0,0.0,0.0,0,0
6506/12-6,1.5,4549.0,4592.0,0.0,18.0,0.0,0.0,0,0,0.0,0.0,0,0
6506/12-6,1.6,4514.0,4525.0,9.5,0.0,6.0,0.0,100,15000,0.819,0.0,153,0
6506/12-6,1.7,4549.0,4592.0,9.5,0.0,6.0,0.0,100,15000,0.819,0.0,153,0
6506/12-6,1.8,4514.0,4525.0,12.7,18.0,6.0,26.0,155,70000,0.82,0.0,456,0
6506/12-6,1.9,4549.0,4592.0,12.7,18.0,6.0,26.0,155,70000,0.82,0.0,456,0
6506/12-6,2.0,4464.0,4493.0,6.4,0.0,0.0,0.0,0,0,0.0,0.0,0,0
6506/12-6,2.1,4464.0,4493.0,6.4,44.0,36.0,0.0,0,0,0.0,0.0,0,0
6506/12-6,3.0,4312.0,4352.0,20.6,0.0,13.0,40.0,376,610000,0.783,0.0,1622,154
6506/12-7,1.0,4741.0,4748.0,12.7,0.0,0.0,0.0,520,145000,0.82,0.77,442,0
6506/12-7,2.0,4702.0,4707.0,7.9,0.0,0.0,0.0,200,145000,0.818,0.785,725,0
6506/12-7,3.0,4474.0,4514.0,15.9,0.0,0.0,0.0,70,110000,0.79,0.745,1571,0
6506/12-7,4.0,4414.0,4439.0,0.0,0.0,0.0,0.0,0,0,0.0,0.0,0,0
6506/12-8,1.0,4237.0,4277.0,22.2,0.0,0.0,0.0,1100,300000,0.81,0.827,273,0
6506/12-8,1.2,4205.0,4221.0,11.1,0.0,0.0,0.0,460,115000,0.82,0.82,250,0
6506/12-8,2.0,3915.0,3955.0,12.7,0.0,0.0,0.0,610,180000,0.829,0.756,295,0
6506/12-9 S,1.0,4846.0,4876.0,17.5,0.0,0.0,0.0,840,444000,0.815,0.832,749,0
6506/12-9 S,2.0,4805.0,4834.0,22.2,0.0,0.0,0.0,900,249000,0.85,0.83,390,163
6506/12-9 S,3.0,4742.0,4751.0,17.5,0.0,0.0,0.0,567,138000,0.825,0.794,292,164
6506/12-9 S,4.0,4730.0,4712.0,0.0,0.0,0.0,0.0,0,0,0.0,0.0,0,0
6506/12-9 S,5.0,4477.0,4510.0,43.6,0.0,0.0,0.0,17,33000,0.807,0.781,1379,0
6506/9-1,1.0,5431.0,5515.0,6.3,27.0,0.0,40.0,0,180000,0.0,0.0,0,0
6507/11-1,1.0,2396.0,2402.0,16.0,14.0,0.0,0.0,0,765000,0.0,0.0,0,0
6507/11-3,1.0,2519.0,2520.5,25.4,23.0,8.0,23.0,1490,29500,0.847,0.72,198,90
6507/11-3,2.0,2495.7,2508.7,31.8,24.0,12.0,20.0,0,1480000,0.0,0.69,0,90
6507/11-3,3.0,2413.0,2419.5,38.1,25.0,10.0,24.0,0,1740000,0.0,0.67,0,90
6507/2-2,1.0,3285.0,3294.0,25.4,0.0,0.0,0.0,107,676000,0.79,0.63,6317,0
6507/2-2,2.0,2820.0,2831.0,25.4,0.0,0.0,0.0,80,865000,0.78,0.64,1081,0
6507/3-1,1.0,3783.0,3798.0,0.0,0.0,0.0,0.0,0,0,0.0,0.0,0,0
6507/3-1,2.0,3690.0,3724.0,0.0,0.0,0.0,0.0,0,0,0.0,0.0,0,0
6507/3-1,3.0,3611.0,3636.0,0.0,0.0,0.0,0.0,0,0,0.0,0.0,0,0
6507/3-1,3.1,3611.0,3636.0,25.4,0.0,15.0,0.0,290,905000,0.8,0.71,3121,136
6507/5-1,1.0,3607.0,3653.0,15.9,8.0,0.0,37.0,628,109000,0.857,0.7,175,0
6507/5-1,2.1,3430.0,3442.0,15.9,19.0,0.0,36.0,178,741000,0.759,0.67,4164,0
6507/5-1,2.2,3430.0,3514.0,12.7,22.0,0.0,0.0,148,580000,0.767,0.675,3926,0
6507/5-1,3.0,2993.0,3001.0,14.3,18.0,0.0,42.0,925,222000,0.829,0.67,240,0
6507/5-5,1.0,3561.0,3706.0,25.0,7.4,0.0,0.0,940,164256,0.855,0.735,176,133
6507/7-1,1.0,4338.0,4374.0,12.7,0.0,5.0,64.0,0,30000,0.0,0.65,0,0
6507/7-14 S,1.0,4218.5,4288.8,14.3,44.0,0.0,0.0,0,1200000,0.0,0.647,22600,0
6507/7-2,1.0,2521.0,2529.0,6.1,0.0,1.0,26.0,0,0,0.0,0.0,0,0
6507/7-2,2.0,2417.0,2439.0,25.4,0.0,0.0,0.0,704,34000,0.922,0.617,48,0
6507/7-2,2.1,2417.0,2439.0,9.5,0.0,5.0,0.0,208,12000,0.91,0.0,57,0
6507/7-2,2.2,2417.0,2439.0,9.5,0.0,5.0,0.0,208,12000,0.91,0.0,57,0
6507/7-2,2.3,2417.0,2439.0,25.4,6.0,3.0,25.0,704,34000,0.92,0.0,49,0
6507/7-2,3.0,2356.5,2376.0,25.4,0.0,40.0,0.0,489,32000,0.982,0.668,65,0
6507/7-2,4.0,2330.0,2340.0,22.2,0.0,4.0,25.0,902,68000,0.876,0.66,75,0
6507/7-2,5.0,2290.0,2310.0,19.1,0.0,12.0,0.0,73,724000,0.754,0.65,9965,0
6507/7-2,6.0,2232.0,2245.0,19.1,0.0,5.0,0.0,17,45000,0.755,0.65,2632,0
6507/7-2,7.0,2203.0,2222.0,20.2,0.0,9.0,0.0,96,900000,0.755,0.0,9360,0
6507/7-3,1.0,2413.0,2430.0,21.0,6.0,5.0,25.0,772,86027,0.87,0.68,112,88
6507/7-3,2.0,2385.0,2400.0,24.0,6.0,4.0,25.0,870,93021,0.909,0.737,227,87
6507/7-3,3.0,2368.0,2380.0,25.4,6.0,5.0,25.0,823,89510,0.808,0.745,417,85
6507/7-4,1.0,2494.0,2499.0,19.1,19.0,5.0,26.0,646,51000,0.897,0.685,80,0
6507/7-4,2.0,2470.0,2477.0,35.8,6.0,5.0,26.0,875,732000,0.879,0.0,84,0
6507/7-4,3.0,2449.0,2465.0,60.3,0.0,4.0,25.0,1034,91000,0.897,0.0,88,0
6507/7-5,1.0,2417.0,2424.0,35.9,4.0,4.0,25.0,774,52000,0.89,0.0,67,0
6507/7-5,2.0,2355.0,2375.0,35.9,4.0,5.0,25.0,953,85000,0.868,0.0,89,0
6507/7-6,1.0,2424.0,2411.5,35.9,0.0,4.0,24.0,782,46100,0.918,0.617,59,0
6507/7-6,2.0,2348.5,2365.0,52.4,0.0,2.0,22.0,628,61450,0.895,0.617,98,0
6507/7-8,1.0,2473.0,2480.0,7.9,0.0,8.0,0.0,175,0,0.882,0.67,80,0
6507/7-8,2.0,2441.0,2438.0,20.6,0.0,8.0,0.0,1145,99000,0.882,0.67,86,0
6507/7-8,2.1,2441.0,2438.0,20.6,0.0,8.0,0.0,1145,0,0.887,0.7,86,0
6507/7-8,2.2,2441.0,2438.0,20.6,0.0,8.0,0.0,1137,0,0.887,0.7,87,0
6507/8-1,1.0,2444.0,2463.0,38.1,3.0,2.0,17.0,715,31460,0.932,0.6,44,85
6507/8-1,2.0,2386.4,2406.4,19.1,6.0,5.0,0.0,906,50080,0.925,0.0,55,81
6507/8-4,1.0,2250.0,2254.0,12.7,0.0,0.0,0.0,0,0,0.0,0.0,0,0
6507/8-4,1.1,2250.0,2254.0,6.3,0.0,0.0,0.0,0,0,0.0,0.0,0,0
6507/8-4,2.0,2200.0,2221.0,12.7,0.0,0.0,0.0,1024,58700,0.9,0.685,59,0
6507/8-4,3.0,2150.0,2168.0,19.1,0.0,0.0,0.0,986,45300,0.908,0.635,55,0
6507/8-4,3.1,2163.0,2168.0,22.2,0.0,0.0,0.0,1480,70100,0.908,0.634,61,0
6507/8-4,4.0,2126.0,2135.0,15.9,0.0,56.0,0.0,16,756777,0.78,0.648,47078,0
6605/8-1,1.0,4184.0,4211.0,25.4,0.0,0.0,0.0,2,100000,0.0,0.0,230000,0
6608/10-2,1.0,2715.0,2720.0,50.8,0.0,0.0,0.0,0,0,0.0,0.68,0,100
6608/10-2,3.1,2673.0,2696.0,72.0,0.0,30.0,0.0,1165,0,0.847,0.66,93,98
6608/10-2,3.2,2605.0,2610.0,19.0,0.0,0.0,0.0,0,582600,0.0,0.64,0,91
6608/10-2,3.3,2590.0,2610.0,28.0,0.0,0.0,0.0,0,945000,0.0,0.64,0,95
6608/10-3,1.0,2617.0,2648.0,23.4,0.0,0.0,0.0,1250,102500,0.86,0.65,82,98
6608/10-3 R,1.0,1810.0,1842.0,46.0,0.0,0.0,0.0,0,0,0.0,0.0,0,0
6608/10-4,1.0,2640.0,2635.0,0.0,0.0,0.0,0.0,0,0,0.0,0.0,0,0
6608/10-4,2.0,2582.2,2466.2,31.7,0.0,40.0,0.0,900,75000,0.858,0.648,83,94
6608/10-4,3.1,2484.5,2514.0,0.0,0.0,0.0,0.0,0,0,0.0,0.0,0,0
6608/10-4,3.2,2524.0,2531.0,0.0,0.0,0.0,0.0,0,0,0.0,0.0,0,0
6608/10-6 R2,1.0,1810.0,1842.0,0.0,0.0,0.0,0.0,42,0,0.0,0.0,0,0
7/11-1,1.0,3124.0,3162.0,0.0,0.0,0.0,0.0,0,0,0.0,0.0,0,0
7/11-1,2.0,3102.0,3109.0,6.3,0.0,0.0,0.0,0,0,0.0,0.0,0,0
7/11-1,3.0,2979.0,2988.0,15.8,0.0,0.0,0.0,106,167000,0.0,0.0,1575,113
7/11-1,4.0,2904.0,2956.0,19.0,0.0,0.0,0.0,135,714000,0.0,0.0,5280,110
7/11-1,5.0,2877.0,2882.0,10.3,0.0,0.0,0.0,76,184000,0.0,0.0,2412,109
7/11-2,1.0,3167.0,3193.0,0.0,0.0,0.0,0.0,0,0,0.0,0.0,0,0
7/11-2,2.0,3028.0,3107.0,19.0,0.0,0.0,0.0,221,469000,0.0,0.0,2121,0
7/11-2,3.0,2980.0,2999.0,0.0,0.0,0.0,0.0,0,0,0.0,0.0,0,0
7/11-3,1.0,3241.0,3247.0,0.0,0.0,0.0,0.0,0,0,0.0,0.0,0,0
7/11-3,2.0,3211.0,3233.0,0.0,0.0,0.0,0.0,0,0,0.0,0.0,0,0
7/11-3,3.0,3180.0,3203.0,0.0,0.0,0.0,0.0,0,0,0.0,0.0,0,0
7/11-3,4.0,3161.0,3173.0,0.0,0.0,0.0,0.0,0,0,0.0,0.0,0,0
7/11-3,5.0,3127.0,3145.0,0.0,0.0,0.0,0.0,0,0,0.0,0.0,0,0
7/11-3,6.0,3097.0,3111.0,0.0,0.0,0.0,0.0,0,0,0.0,0.0,0,0
7/11-3,7.0,3087.0,3093.0,0.0,0.0,0.0,0.0,14,4400,0.0,0.0,237,123
7/11-3,8.0,3037.0,3046.0,0.0,0.0,0.0,0.0,0,0,0.0,0.0,0,0
7/11-5,1.0,4185.0,4197.0,14.3,0.0,0.0,0.0,470,118000,0.828,0.876,251,0
7/11-5,2.0,4165.0,4174.0,14.3,0.0,0.0,0.0,45,0,0.0,0.0,0,0
7/11-7,1.0,4850.0,4870.0,0.0,0.0,0.0,0.0,0,0,0.0,0.0,0,0
7/11-7,2.0,4625.0,4789.0,0.0,0.0,0.0,0.0,0,0,0.0,0.0,0,0
7/11-7,3.0,4550.0,4577.0,1.6,0.0,0.0,0.0,23,0,0.82,0.0,0,0
7/11-9,1.0,4169.5,4182.5,44.5,0.0,0.0,0.0,0,0,0.0,0.0,0,0
7/12-2,1.0,3640.0,3666.0,76.0,0.0,0.0,0.0,6,8490,0.82,0.0,0,145
7/12-2,1.1,3640.0,3666.0,76.0,0.0,0.0,0.0,1,8490,0.82,0.0,0,0
7/12-2,2.0,3525.0,3532.0,0.0,0.0,0.0,0.0,23,0,0.0,0.0,0,145
7/12-2,3.0,3427.0,3439.0,24.5,0.0,0.0,0.0,795,0,0.82,0.748,102,0
7/12-2,3.1,3427.0,3438.0,12.3,0.0,0.0,0.0,1129,11930,0.82,0.751,0,146
7/12-2,4.0,3384.0,3393.0,76.0,0.0,0.0,0.0,84,7079,0.82,0.817,0,145
7/12-3 A,1.0,3771.0,3716.0,0.0,0.0,0.0,0.0,0,0,0.0,0.0,0,0
7/12-3 A,2.0,3673.0,3662.0,0.0,0.0,0.0,0.0,0,0,0.0,0.0,0,0
7/12-4,1.0,3536.0,3552.0,0.0,0.0,0.0,0.0,0,0,0.0,0.0,0,141
7/12-4,2.0,3527.0,3530.0,0.0,0.0,0.0,0.0,6,0,0.83,0.0,0,0
7/12-4,3.0,3453.0,3472.0,12.4,0.0,0.0,0.0,1110,73624,0.83,1.0,96,0
7/12-5,1.0,4185.0,4197.0,14.3,0.0,0.0,0.0,470,118000,0.828,0.876,251,0
7/12-6,1.0,3544.0,3612.0,4.7,0.0,0.0,0.0,160,5720,0.816,0.806,36,149
7/12-6,2.0,3434.0,3511.0,12.7,0.0,0.0,0.0,1270,84526,0.842,0.84,66,143
7/12-8,1.0,3719.0,3783.0,16.0,0.0,0.0,0.0,274,22000,0.0,0.0,79,0
7/12-9,1.0,3701.0,3719.0,12.7,0.0,0.0,0.0,140,11950,0.85,0.9,87,0
7/7-2,1.0,3333.0,3342.0,9.5,35.0,15.0,0.0,787,15740,0.877,0.84,20,80
7/8-1,1.0,3231.0,3317.0,0.0,0.0,0.0,0.0,0,0,0.0,0.0,0,0
7/8-1,2.0,2680.0,2702.0,25.4,36.6,24.8,0.0,23,0,0.0,0.0,0,0
7/8-1,3.0,2529.0,2544.0,25.4,37.2,24.1,0.0,19,0,0.0,0.0,0,0
7/8-1,4.0,2489.0,2508.0,0.0,0.0,0.0,0.0,0,0,0.0,0.0,0,0
7/8-3,1.0,3762.0,3767.0,50.0,0.0,0.0,0.0,207,0,0.882,0.88,32,0
7/8-3,2.0,3734.0,3741.0,50.0,0.0,0.0,0.0,70,0,0.882,0.0,0,0
7119/12-2,1.0,1395.0,1415.0,0.0,0.0,0.0,0.0,0,0,0.0,0.0,0,52
7119/12-3,1.0,3185.0,3195.0,25.4,0.0,0.0,0.0,17,957000,0.797,0.722,0,0
7120/1-1 R2,1.0,2810.0,2855.0,25.4,0.0,0.0,0.0,0,0,0.0,0.0,0,0
7120/1-1 R2,2.0,2607.0,2665.0,6.4,0.0,0.0,0.0,0,0,0.0,0.0,0,0
7120/1-2,2.0,1879.0,1971.0,12.7,0.0,0.0,0.0,150,0,0.0,0.673,0,0
7120/12-2,1.0,2562.0,2568.0,25.1,0.0,0.0,0.0,25,418000,0.755,0.62,16624,77
7120/12-2,2.0,1985.0,1991.0,68.3,0.0,0.0,0.0,0,0,0.0,0.0,0,66
7120/12-2,3.0,1944.0,1950.0,23.1,0.0,0.0,0.0,53,758000,0.722,0.63,14425,66
7120/1-3,1.0,2336.0,2377.0,17.5,0.0,0.0,0.0,683,220000,0.0,0.0,322,41
7120/1-4 S,1.0,2295.0,2385.0,20.6,0.0,0.0,0.0,140,700000,0.73,0.699,4500,90
7120/2-1,1.0,2157.3,2177.3,50.8,0.0,18.06,0.0,0,0,0.0,0.0,0,68
7120/2-1,2.0,2119.8,2139.8,25.4,0.0,19.84,0.0,0,0,0.0,0.0,0,69
7120/2-1,3.0,2048.3,2108.3,25.4,0.0,20.22,0.0,0,0,0.0,0.0,0,66
7120/2-1,4.0,1943.7,2030.7,25.4,0.0,0.0,0.0,5,0,0.839,0.0,0,65
7120/6-1,1.0,2459.0,2465.0,20.6,0.0,4.0,26.0,0,0,0.0,0.0,0,0
7120/6-1,2.0,2432.05,2436.05,31.7,6.7,0.0,0.0,1526,178542,0.866,0.705,117,0
7120/6-1,3.0,2418.0,2424.0,0.0,0.0,0.0,0.0,0,0,0.0,0.0,0,0
7120/6-1,4.0,2386.4,2401.4,25.4,14.0,0.0,0.0,162,1260360,0.752,0.695,7783,0
7120/7-1,1.0,2487.0,2505.0,12.0,0.0,0.0,26.7,0,0,0.0,0.0,0,92
7120/7-1,2.0,2415.0,2435.0,19.0,10.0,14.6,19.0,19,489000,0.78,0.68,26010,88
7120/7-2,1.1,2187.0,2193.0,0.0,0.0,0.0,0.0,0,0,0.0,0.0,0,0
7120/7-2,1.2,2168.0,2180.0,0.0,0.0,0.0,0.0,0,0,0.0,0.0,0,0
7120/7-2,1.3,2153.0,2164.0,25.4,0.0,0.0,0.0,30,702000,0.77,0.68,23400,85
7120/8-1,1.0,2165.0,2172.0,36.0,0.0,0.0,0.0,48,1049000,0.777,0.662,21854,80
7120/8-1,2.0,2133.0,2138.0,25.0,0.0,0.0,0.0,27,557000,0.779,0.666,20629,72
7120/8-1,3.0,2093.0,2110.0,25.0,0.0,0.0,0.0,50,953000,0.78,0.666,19060,78
7120/8-2,1.0,2092.0,2097.0,17.5,10.0,0.0,17.0,17,470000,0.778,0.679,26880,72
7120/9-1,1.0,1935.0,1936.0,0.0,0.0,0.0,0.0,0,0,0.0,0.0,0,0
7120/9-1,2.0,1858.0,1864.0,20.6,0.0,0.0,0.0,11,291000,0.764,0.72,26697,0
7121/4-1,1.0,2497.6,2504.2,25.4,0.0,0.0,0.0,0,0,0.0,0.0,0,86
7121/4-1,2.0,2465.9,2471.9,19.1,13.0,0.0,0.0,67,771600,0.85,0.73,11516,0
7121/4-1,3.0,2419.8,2434.8,12.7,18.0,0.0,0.0,94,89000,0.85,0.73,946,86
7121/4-1,4.0,2353.0,2385.0,25.4,0.0,0.0,0.0,109,846000,0.76,0.7,7760,86
7121/4-2,1.0,2484.0,2493.0,16.0,0.0,0.0,0.0,20,527000,0.769,0.647,27300,65
7121/5-1,1.1,2802.0,2820.0,0.0,0.0,0.0,0.0,0,0,0.0,0.0,0,0
7121/5-1,1.2,2436.0,2439.0,12.7,3.5,0.0,16.3,229,27190,0.86,0.0,119,90
7121/5-1,2.0,2394.0,2403.0,0.0,0.0,0.0,0.0,0,0,0.0,0.0,0,0
7121/7-1,1.0,1950.0,1960.0,67.5,21.0,0.0,20.0,0,0,0.0,0.0,0,36
7121/7-1,2.0,1866.0,1871.0,24.4,21.0,10.0,18.0,28,501000,0.0,0.0,18000,61
7121/7-2,1.0,1881.8,1898.8,15.9,0.0,14.0,0.0,28,527000,0.775,0.78,18800,0
7122/6-1,1.1,2449.0,2439.0,0.0,0.0,0.0,20.5,0,0,0.0,0.0,0,73
7122/6-1,2.2,2434.0,2424.0,17.4,25.0,21.0,28.0,69,579393,0.749,0.68,8397,79
7122/7-2,1.0,1078.0,1136.0,19.0,0.0,12.6,0.0,685,40415,0.86,0.0,59,36
7128/4-1,1.0,1592.0,1610.0,72.0,0.0,0.0,0.0,17,320000,0.0,0.0,18823,0
7128/4-1,2.0,1577.0,1586.0,25.4,0.0,30.0,0.0,15,215000,0.797,0.638,14333,0
7128/6-1,1.0,1622.5,1664.0,0.0,0.0,0.0,16.0,0,0,0.0,0.0,0,0
7220/11-1,1.0,1934.8,1945.0,14.3,0.0,0.0,0.0,518,49000,0.0,0.0,95,42
7220/11-1,2.0,1912.9,1921.4,14.3,0.0,0.0,0.0,530,48000,0.0,0.0,90,46
7220/11-2 A,1.0,1965.2,1997.37,9.5,0.0,0.0,0.0,136,24000,0.0,0.0,141,0
7220/11-3 AR,3.0,2012.0,2020.0,25.4,0.0,0.0,0.0,0,595000,0.0,0.0,0,0
7220/11-4,1.0,1923.0,1936.3,22.2,0.0,0.0,0.0,960,93800,0.825,0.706,97,0
7225/3-1,1.0,1557.0,1685.0,17.5,0.0,0.0,0.0,0,180000,0.0,0.618,0,0
7225/3-2,1.0,1725.0,1932.0,12.5,0.0,0.0,0.0,0,23400,0.0,0.0,0,0
7225/3-2,2.0,1587.0,1610.0,20.6,0.0,0.0,0.0,0,176200,0.0,0.0,0,0
7226/11-1,1.0,2935.0,2951.0,4.7,0.0,0.0,31.0,1,0,0.0,0.0,0,98
7226/11-1,1.1,2913.0,2926.0,4.9,0.0,0.0,38.0,0,14323,0.0,0.62,0,98
7316/5-1,1.0,1338.0,1350.0,25.4,0.0,0.0,0.0,0,563000,0.6,0.0,0,0
7324/7-2,1.0,713.0,727.0,19.1,0.0,0.0,0.0,276,9417,0.846,0.731,38,17
7324/7-3 S,1.0,0.0,0.0,25.4,0.0,0.0,0.0,487,35055,0.839,0.72,72,0
9/2-1,1.0,3245.0,3263.0,12.7,1.0,0.0,35.0,0,0,0.0,0.0,0,0
9/2-1,2.0,3220.0,3236.0,12.7,0.0,0.0,28.0,3,0,0.834,0.0,0,0
9/2-1,3.0,3177.0,3210.0,14.3,0.0,6.0,28.0,850,20400,0.835,0.803,24,0
9/2-1,3.1,3177.0,3210.0,9.5,11.0,8.0,28.0,580,14500,0.825,0.845,25,0
9/2-1,3.2,3177.0,3210.0,11.1,11.0,4.0,34.0,660,18480,0.829,0.845,28,0
9/2-3,1.0,3258.0,3268.0,12.7,0.0,0.0,0.0,4,0,0.0,0.0,0,0
