Well,Test type,Bottle number,Top depth,Base depth,Fluid type,Test time ,Received date,NPDID wellbore
1/2-1,DST ,DST1      ,3122.3,3137.0, ,1989-05-27 06:00:00,1991-09-09 00:00:00,1382
1/3-10,DST ,          ,0.0,0.0, ,,2011-08-06 00:00:00,5614
1/3-11,DST ,          ,0.0,0.0, ,,,5806
1/3-11,MDT ,          ,3294.5,0.0,OIL,,2014-04-03 00:00:00,5806
1/3-3,DST ,DST3A     ,4202.0,4208.0,WATER,1983-03-06 00:00:00,1991-10-28 00:00:00,87
1/3-3,DST ,"DST0,1    ",0.0,0.0, ,1983-02-20 00:00:00,1991-10-28 00:00:00,87
1/3-3,DST ,TEST1     ,4529.0,4552.0, ,1983-08-02 00:00:00,1995-08-09 00:00:00,87
1/3-3,DST ,"DST0,2    ",4240.0,4233.0, ,1983-02-25 00:00:00,1991-10-28 00:00:00,87
1/3-3,DST ,DST2      ,4233.0,4240.0, ,1983-02-27 00:00:00,1991-10-28 00:00:00,87
1/3-3,DST ,"DST0,3    ",0.0,0.0,WATER,1983-03-06 00:00:00,1991-10-28 00:00:00,87
1/3-3,DST ,TEST3C    ,0.0,0.0,WATER,1983-03-06 00:00:00,1995-08-09 00:00:00,87
1/3-3,DST ,3B        ,0.0,0.0, ,1983-03-13 00:00:00,,87
1/3-3,DST ,          ,4211.0,4214.0, ,,,87
1/3-3,DST ,          ,0.0,0.0, ,,1995-08-09 00:00:00,87
1/6-1,DST ,DST4      ,3153.0,3159.0, ,1972-11-20 00:00:00,1991-02-06 00:00:00,239
1/6-3,DST ,TEST1     ,3228.0,3266.0, ,1974-07-20 00:00:00,1991-03-06 00:00:00,241
1/6-3,DST ,"TEST1,1   ",0.0,0.0, ,1974-07-23 00:00:00,1991-03-06 00:00:00,241
1/9-1,DST ,DST 1     ,3298.0,3302.0, ,1976-12-23 00:00:00,1980-01-01 00:00:00,243
1/9-1,DST ,TEST1A    ,0.0,0.0, ,1976-12-25 01:00:00,1991-10-01 00:00:00,243
1/9-1,DST ,TEST1B    ,3312.0,3306.0, ,1976-12-25 14:30:00,1980-01-01 00:00:00,243
1/9-1,DST ,TEST4     ,3148.0,3157.0, ,1977-01-11 01:55:00,1980-01-01 00:00:00,243
1/9-1,DST ,TEST5     ,3120.0,3133.0, ,1977-01-17 19:25:00,1980-01-01 00:00:00,243
1/9-1,DST ,DST6      ,3105.0,3109.0, ,1977-01-26 00:00:00,1980-01-01 00:00:00,243
1/9-1,DST ,DST 8     ,3055.0,3068.0, ,1977-01-31 15:15:00,1980-01-01 00:00:00,243
1/9-2,DST ,DST 1     ,3197.0,3209.0, ,1977-07-27 00:00:00,1980-01-01 00:00:00,244
1/9-2,DST ,TEST2     ,3130.0,3154.0, ,1977-08-02 05:00:00,1991-10-01 00:00:00,244
1/9-3,DST ,TEST3     ,3126.0,3125.0, ,1978-09-14 00:00:00,1980-01-01 00:00:00,245
1/9-3,DST ,TEST4     ,3094.0,3112.0, ,1978-09-19 02:25:00,1980-01-01 00:00:00,245
1/9-4,DST ,TEST1     ,3292.0,3296.0, ,1977-12-01 00:00:00,1991-10-01 00:00:00,247
1/9-4,DST ,TEST2     ,3235.0,3255.0, ,1977-12-15 03:00:00,1980-01-01 00:00:00,247
1/9-4,DST ,TEST3     ,3176.0,3198.0, ,1977-12-24 19:00:00,1980-01-01 00:00:00,247
1/9-4,DST ,TEST4     ,3137.0,3127.0, ,1977-12-29 00:00:00,1980-01-01 00:00:00,247
1/9-6 S,DST ,TEST2A    ,3636.0,3655.0, ,1982-09-17 00:00:00,1991-10-01 00:00:00,44
1/9-6 S,DST ,TEST2B    ,3655.0,3636.0, ,1982-09-17 00:00:00,1991-10-01 00:00:00,44
1/9-6 S,DST ,TEST3     ,3523.0,3587.0, ,1982-10-03 00:00:00,1991-10-01 00:00:00,44
1/9-6 S,DST ,TEST4     ,3417.0,3459.0, ,1982-11-25 00:00:00,1991-10-01 00:00:00,44
1/9-A-4 H,DST ,          ,3135.4,3307.0, ,1988-06-28 00:00:00,1991-10-01 00:00:00,1035
1/9-A-6 H,DST ,TEST1     ,3361.0,3410.0, ,1988-05-09 02:45:00,1991-10-01 00:00:00,1244
15/12-18 S,DST ,          ,0.0,0.0,OIL,,,5607
15/12-18 S,MDT ,          ,0.0,2683.6,OIL,,2011-08-06 00:00:00,5607
15/12-19,DST ,          ,0.0,0.0,OIL,,2011-06-17 00:00:00,5705
15/12-19,DST ,          ,0.0,0.0,WATER,,2011-06-17 00:00:00,5705
15/12-19,DST ,1 C       ,3058.0,2980.0,OIL,2008-05-10 02:26:00,2016-01-02 00:00:00,5705
15/12-5,DST ,FMT2      ,2935.0,2935.0, ,1986-04-20 00:00:00,1991-10-01 00:00:00,113
15/12-6 S,DST ,TEST1     ,2922.0,2930.0, ,1990-10-13 20:00:00,1991-10-01 00:00:00,1524
15/12-6 S,DST ,TEST2     ,2875.0,2895.0, ,1990-10-24 19:30:00,1991-10-01 00:00:00,1524
15/12-8,DST ,TEST1     ,2838.0,2869.0, ,1991-07-09 04:35:00,1991-10-01 00:00:00,1778
15/12-9 S,DST ,DST2      ,3385.0,0.0,OIL,1992-09-28 17:50:00,1992-10-12 00:00:00,1978
15/3-2,DST ,          ,0.0,0.0, ,,1991-10-28 00:00:00,310
15/3-2,DST ,          ,0.0,0.0, ,,1995-08-09 00:00:00,310
15/3-2,DST ,          ,0.0,0.0, ,,1995-08-09 00:00:00,310
15/3-3,DST ,DST 2     ,4615.0,4632.0,OIL,,1991-10-28 00:00:00,313
15/3-3,DST ,          ,4967.0,4990.0, ,,1995-08-09 00:00:00,313
15/3-3,DST ,DST 0     ,0.0,0.0, ,,,313
15/3-5,DST ,          ,0.0,0.0, ,,1991-10-28 00:00:00,52
15/3-8,DST ,          ,4141.0,4183.0,OIL,2006-03-04 08:17:00,2006-03-20 00:00:00,5175
15/3-8,DST ,          ,4128.0,0.0,OIL,,2010-12-09 00:00:00,5175
15/3-8,DST ,          ,4510.0,0.0,OIL,,,5175
15/3-8,FMT ,          ,0.0,4508.7,CONDENSATE,,,5175
15/5-5,DST ,TEST1     ,2183.5,2154.0, ,1995-09-25 09:25:00,1995-10-03 00:00:00,2635
15/5-7,DST ,          ,0.0,0.0,OIL,,2011-03-10 00:00:00,5842
15/6-11 A,DST ,          ,4158.0,4139.58,OIL,2011-02-25 19:40:00,2011-02-25 00:00:00,6526
15/6-12,DST ,1A-1B     ,0.0,0.0,OIL,2011-01-29 00:00:00,2011-03-21 00:00:00,6518
15/6-12,MDT ,          ,0.0,3806.0,OIL,,,6518
15/6-13,MDT ,          ,0.0,0.0,OIL,,2015-09-21 00:00:00,7667
15/6-13,MDT ,          ,3471.8,0.0,OIL,,,7667
15/6-13,MDT ,          ,3466.7,0.0,OIL,,2015-09-21 00:00:00,7667
15/6-2 R,FIT ,          ,3606.6,0.0,OIL,1974-07-28 00:00:00,1991-06-21 00:00:00,517
15/6-3,DST ,TEST2     ,3490.8,3496.8, ,1974-12-15 00:00:00,1991-06-21 00:00:00,318
15/8-1,DST ,TEST2     ,3911.0,3926.0, ,1981-12-17 00:00:00,1991-10-01 00:00:00,321
15/8-1,DST ,TEST3     ,3688.0,3697.0, ,1981-12-24 00:00:00,1991-10-01 00:00:00,321
15/8-1,DST ,TEST4     ,3643.0,3653.0, ,1981-12-29 00:00:00,1991-10-01 00:00:00,321
15/9-1,DST ,TEST1     ,0.0,0.0, ,1977-05-17 07:00:00,1991-10-01 00:00:00,322
15/9-1,DST ,TEST2     ,0.0,0.0, ,1977-05-23 00:00:00,1991-10-01 00:00:00,322
15/9-10,DST ,          ,0.0,0.0, ,1993-09-27 19:00:00,,69
15/9-11,DST ,TEST1     ,2797.0,2807.0, ,1981-12-01 21:00:00,1991-10-01 00:00:00,329
15/9-11,DST ,TEST2     ,2410.0,2432.0, ,1980-12-08 10:30:00,1991-10-01 00:00:00,329
15/9-11,DST ,TEST3     ,2395.0,2415.0, ,1981-12-15 00:00:00,1991-10-01 00:00:00,329
15/9-12,DST ,TEST1B    ,3585.0,3595.0, ,1982-04-14 00:00:00,1991-10-01 00:00:00,330
15/9-12,DST ,TEST2     ,3512.0,3522.0, ,1982-04-20 00:00:00,1991-10-01 00:00:00,330
15/9-13,DST ,TEST1     ,2765.0,2769.0, ,1982-05-16 14:00:00,1991-10-01 00:00:00,45
15/9-13,DST ,TEST2     ,2422.0,2427.0, ,1982-05-20 00:00:00,1991-10-01 00:00:00,45
15/9-15,DST ,TEST1     ,2880.0,2890.0, ,1982-07-20 00:00:00,1991-10-01 00:00:00,74
15/9-15,DST ,TEST2     ,2830.0,2850.0, ,1982-07-25 00:00:00,1991-10-01 00:00:00,74
15/9-17,DST ,TEST1     ,2803.0,2813.0, ,1983-08-13 00:00:00,1991-10-01 00:00:00,60
15/9-17,DST ,TEST2     ,2776.0,2741.0, ,1983-03-18 00:00:00,1991-10-01 00:00:00,60
15/9-17,DST ,TEST3     ,2385.0,2405.0, ,1983-03-24 02:30:00,1991-10-01 00:00:00,60
15/9-19 A,DST ,TEST1A    ,3885.0,3889.0, ,1997-10-27 16:15:00,1997-11-10 00:00:00,3145
15/9-19 A,DST ,TEST2B    ,3865.0,3826.0, ,1997-10-30 22:50:00,1997-11-07 00:00:00,3145
15/9-19 SR,DST ,TEST1     ,4338.0,4316.0, ,1993-04-19 00:00:00,1993-05-10 00:00:00,2105
15/9-5,DST ,TEST2     ,3588.0,3593.0, ,1980-03-21 00:00:00,1991-10-01 00:00:00,326
15/9-7,DST ,TEST3     ,3555.0,3565.0, ,1981-04-19 07:00:00,1991-10-01 00:00:00,218
15/9-8,DST ,TEST1     ,3450.0,3460.0, ,1981-05-15 05:00:00,1991-10-01 00:00:00,327
15/9-9,DST ,TEST2     ,2386.0,2392.0, ,1981-07-02 05:00:00,1991-10-01 00:00:00,328
15/9-9,DST ,TEST3     ,2323.0,2333.0, ,1981-07-06 00:00:00,1991-10-01 00:00:00,328
15/9-A-10,DST ,          ,2366.3,2297.3,CONDENSATE,1993-09-27 19:00:00,1993-10-01 00:00:00,2174
15/9-B-13,DST ,          ,0.0,0.0, ,,1997-01-27 00:00:00,2816
15/9-B-24,DST ,          ,0.0,0.0, ,1997-05-03 00:00:00,1997-05-29 00:00:00,3006
15/9-C-2 AH,DST ,          ,0.0,0.0, ,1998-06-25 00:00:00,1998-07-07 00:00:00,3185
15/9-C-2 H,DST ,          ,0.0,0.0, ,,1993-07-14 00:00:00,2024
15/9-D-1 H,DST ,          ,0.0,0.0, ,1993-06-03 06:00:00,1993-07-16 00:00:00,2082
15/9-D-3 H,DST ,          ,0.0,0.0, ,1993-05-16 00:00:00,1993-06-09 00:00:00,2083
16/1-10,DST ,          ,0.0,0.0, ,,2011-08-06 00:00:00,5879
16/1-11,DST ,          ,2445.0,2415.0,OIL,2010-04-16 00:00:00,,6157
16/1-13,DST ,          ,1924.5,0.0, ,,2011-08-06 00:00:00,6232
16/1-13,DST ,          ,1965.0,0.0, ,,2011-08-06 00:00:00,6232
16/1-15,DST ,          ,0.0,0.0, ,,2011-08-06 00:00:00,6517
16/1-15,MDT ,          ,2067.8,0.0,OIL,2011-05-07 00:00:00,2012-01-30 00:00:00,6517
16/1-16,MDT ,          ,0.0,0.0,OIL,,2013-02-07 00:00:00,6823
16/1-16,MDT ,          ,0.0,0.0,OIL,,2013-02-07 00:00:00,6823
16/1-16 A,MDT ,          ,2685.2,0.0,OIL,,2013-02-07 00:00:00,7095
16/1-17,MDT ,          ,1915.2,0.0,OIL,2013-03-05 00:00:00,2013-06-12 00:00:00,7113
16/1-19 S,MDT ,          ,1929.5,0.0,OIL,,2014-06-17 00:00:00,7255
16/2-10,MDT ,          ,1927.0,0.0,OIL,2011-10-21 00:00:00,2012-02-20 00:00:00,6715
16/2-10,MDT ,          ,1935.5,0.0,OIL,2011-10-19 00:00:00,2012-02-20 00:00:00,6715
16/2-10,MDT ,          ,1893.5,0.0,OIL,2011-10-19 00:00:00,2012-02-20 00:00:00,6715
16/2-11,DST ,          ,1943.3,1934.5,OIL,2012-03-21 16:40:00,2013-12-10 00:00:00,6742
16/2-11,MDT ,          ,0.0,0.0,OIL,2012-03-05 00:00:00,2013-02-07 00:00:00,6742
16/2-11 A,MDT ,          ,2186.1,0.0,OIL,2012-04-27 00:00:00,2012-07-19 00:00:00,6849
16/2-11 A,MDT ,          ,0.0,2202.0,OIL,2012-04-27 00:00:00,2012-07-19 00:00:00,6849
16/2-11 A,MDT ,          ,0.0,2223.0,OIL,2012-04-27 00:00:00,2012-07-19 00:00:00,6849
16/2-12,MDT ,          ,1901.3,0.0,OIL,,2013-01-16 00:00:00,6952
16/2-12,MDT ,          ,1928.3,0.0,OIL,,2013-01-16 00:00:00,6952
16/2-12,MDT ,          ,1940.0,0.0,OIL,,2013-01-16 00:00:00,6952
16/2-13 A,MDT ,          ,2607.54,0.0,OIL,2012-09-21 00:00:00,2012-10-10 00:00:00,7028
16/2-13 A,MDT ,          ,0.0,2596.7,OIL,2012-09-21 00:00:00,2012-10-10 00:00:00,7028
16/2-13 A,MDT ,          ,2608.57,0.0,OIL,2012-09-21 00:00:00,2012-10-10 00:00:00,7028
16/2-13 S,DST ,          ,1948.67,0.0,OIL,2012-08-21 00:00:00,2012-06-24 00:00:00,6888
16/2-13 S,DST ,          ,1925.0,0.0,OIL,2012-08-21 00:00:00,2012-09-24 00:00:00,6888
16/2-13 S,DST ,          ,0.0,1948.67,OIL,2012-08-21 00:00:00,2012-09-24 00:00:00,6888
16/2-15,MDT ,          ,1913.8,0.0,OIL,,2013-03-11 00:00:00,6979
16/2-15,MDT ,          ,1926.9,0.0,OIL,,2013-03-11 00:00:00,6979
16/2-16,MDT ,          ,1951.6,0.0,OIL,2012-12-06 00:00:00,2013-02-07 00:00:00,7047
16/2-16 A,MDT ,          ,0.0,0.0,OIL,,2013-02-07 00:00:00,7107
16/2-17 S,DST ,          ,1937.0,1929.0,OIL,2013-04-29 08:25:00,2013-06-07 00:00:00,7085
16/2-17 S,DST ,          ,1914.5,1875.5,OIL,2013-05-10 10:10:00,2013-06-07 00:00:00,7085
16/2-17 S,MDT ,          ,0.0,1934.5,OIL,,2013-07-25 00:00:00,7085
16/2-17 S,MDT ,          ,0.0,1884.8,OIL,,2013-07-25 00:00:00,7085
16/2-18 S,MDT ,          ,1875.12,0.0,OIL,,2013-12-13 00:00:00,7220
16/2-19,MDT ,          ,1949.03,0.0,OIL,2014-06-16 00:00:00,2014-06-26 00:00:00,7403
16/2-19,MDT ,          ,1945.13,0.0,OIL,2014-06-16 00:00:00,2014-06-26 00:00:00,7403
16/2-19 A,MDT ,          ,2291.7,0.0,OIL,2014-09-18 00:00:00,2014-09-26 00:00:00,7456
16/2-19 A,MDT ,          ,2281.0,0.0,OIL,2014-09-18 00:00:00,2014-09-26 00:00:00,7456
16/2-21,MDT ,          ,1946.6,0.0,OIL,2013-05-27 00:00:00,2013-06-14 00:00:00,7169
16/2-21,MDT ,          ,1937.0,0.0,OIL,2013-05-27 00:00:00,2013-06-14 00:00:00,7169
16/2-3,DST ,          ,1720.5,0.0,OIL,,2011-03-10 00:00:00,5551
16/2-4,MDT ,          ,1858.0,0.0,OIL,,,5625
16/2-6,DST ,          ,0.0,0.0, ,2010-09-11 00:00:00,,6374
16/2-7,MDT ,          ,1950.84,0.0,OIL,2011-08-13 00:00:00,2012-01-30 00:00:00,6561
16/2-7 A,MDT ,          ,2031.3,0.0,OIL,2011-09-19 00:00:00,2012-01-30 00:00:00,6711
16/2-9 S,MDT ,          ,1935.2,0.0,OIL,2011-03-11 00:00:00,,6615
16/2-9 S,MDT ,          ,1938.2,0.0,OIL,2011-03-11 00:00:00,,6615
16/2-9 S,MDT ,          ,1941.7,0.0,OIL,2011-03-11 00:00:00,,6615
16/3-4,DST ,          ,1939.6,1928.98,OIL,2011-06-20 00:00:00,2012-01-30 00:00:00,6553
16/3-4 A,MDT ,          ,2079.2,0.0,OIL,2011-07-12 00:00:00,2012-01-30 00:00:00,6629
16/3-5,MDT ,          ,1943.6,0.0,OIL,2013-02-03 00:00:00,2013-03-22 00:00:00,7046
16/3-5,MDT ,          ,0.0,1920.1,OIL,2013-02-03 00:00:00,2013-03-22 00:00:00,7046
16/3-6,MDT ,          ,1950.3,0.0,OIL,2013-07-02 00:00:00,2013-07-15 00:00:00,7182
16/3-6,MDT ,          ,1946.5,0.0,OIL,2013-07-02 00:00:00,2013-07-15 00:00:00,7182
16/4-4,DST ,          ,0.0,0.0,CONDENSATE,,2011-03-10 00:00:00,5441
16/4-6 S,DST ,          ,0.0,0.0,OIL,2013-04-23 00:00:00,2013-05-29 00:00:00,7098
16/4-6 S,MDT ,          ,1966.39,0.0,OIL,2013-04-04 00:00:00,2013-06-12 00:00:00,7098
16/4-6 S,MDT ,          ,1952.5,0.0,OIL,2013-04-04 00:00:00,2013-06-12 00:00:00,7098
16/4-9 S,DST ,          ,2002.0,1981.0,OIL,2015-08-03 01:25:00,2015-08-26 00:00:00,7631
16/4-9 S,DST ,          ,2002.0,1981.0,OIL,2015-08-03 02:45:00,2015-08-26 00:00:00,7631
16/5-3,MDT ,          ,1901.9,0.0,OIL,,2013-06-13 00:00:00,7123
16/5-4,DST ,          ,1933.0,0.0,OIL,2012-10-19 00:00:00,2013-10-08 00:00:00,7258
16/5-5,MDT ,          ,1977.0,0.0,OIL,,2014-06-17 00:00:00,7285
16/7-10,MDT ,          ,2348.7,0.0,CONDENSATE,2011-02-09 00:00:00,2011-10-21 00:00:00,6607
16/7-4,DST ,DST 1     ,2590.0,2597.0,CONDENSATE,1982-11-28 00:00:00,1991-06-21 00:00:00,91
16/7-4,DST ,"DST 1,1   ",2565.0,2572.0, ,1982-11-28 00:00:00,1980-01-01 00:00:00,91
16/7-4,DST ,DST2      ,2525.0,2535.0,CONDENSATE,1982-11-30 00:00:00,1991-06-21 00:00:00,91
16/7-4,DST ,"DST 2,1   ",2500.0,2535.0,CONDENSATE,1982-11-30 00:00:00,1980-01-01 00:00:00,91
16/7-7 S,DST ,DST1      ,2852.0,2785.0,OIL,1997-12-09 16:25:00,1997-12-16 00:00:00,3244
16/7-7 S,DST ,          ,0.0,0.0, ,1997-12-13 23:20:00,,3244
17/12-4,DST ,          ,0.0,0.0, ,,,6137
17/12-4 A,DST ,          ,0.0,0.0,OIL,,2011-06-17 00:00:00,6178
18/10-1,DST ,          ,2389.5,2402.0, ,,1991-10-28 00:00:00,342
2/12-1,DST ,DST1      ,4630.0,4647.0, ,1986-12-22 00:00:00,1991-02-28 00:00:00,1014
2/12-1,DST ,DST2      ,4600.0,4612.0, ,1986-12-18 00:00:00,1991-02-28 00:00:00,1014
2/1-9,DST ,          ,0.0,0.0, ,,1991-07-22 00:00:00,1667
2/1-9,DST ,DST1      ,4108.0,4078.0, ,1991-06-14 00:00:00,,1667
2/2-1,DST ,DST1      ,3715.0,3730.0, ,,1991-02-20 00:00:00,46
2/2-5,DST ,TEST-1    ,0.0,0.0, ,1992-02-12 19:30:00,1992-03-24 00:00:00,1846
2/4-17,DST ,          ,4340.9,4387.5, ,1992-01-19 20:00:00,1992-02-10 00:00:00,1792
2/4-21,MDT ,          ,0.0,5167.5,CONDENSATE,,2012-07-17 00:00:00,6736
2/4-21,MDT ,          ,0.0,5121.5,CONDENSATE,,2012-07-17 00:00:00,6736
2/4-21,MDT ,          ,0.0,5053.5,CONDENSATE,,2012-07-17 00:00:00,6736
2/4-21 A,MDT ,          ,0.0,5471.0,CONDENSATE,2012-07-01 00:00:00,2012-08-24 00:00:00,6933
2/4-21 A,MDT ,          ,0.0,5489.0,CONDENSATE,2012-07-01 00:00:00,2012-08-24 00:00:00,6933
2/4-22 S,MDT ,          ,0.0,0.0,OIL,,2015-06-04 00:00:00,7535
2/4-22 S,MDT ,          ,0.0,0.0,OIL,,2015-06-04 00:00:00,7535
2/4-22 S,MDT ,          ,0.0,0.0,OIL,,2015-06-04 00:00:00,7535
2/4-23 S,MDT ,          ,5233.4,0.0,CONDENSATE,,2015-11-09 00:00:00,7657
2/4-23 S,MDT ,          ,5203.1,0.0,CONDENSATE,,2015-11-09 00:00:00,7657
2/4-23 S,MDT ,          ,5004.3,0.0,CONDENSATE,,2015-11-09 00:00:00,7657
2/4-A-14,PROD,          ,3679.0,3482.0,OIL,1984-07-08 00:00:00,2000-10-02 00:00:00,592
2/4-A-3,DST ,          ,0.0,0.0, ,1996-03-11 00:00:00,1996-04-15 00:00:00,559
2/4-A-5,DST ,          ,0.0,0.0, ,1996-03-11 00:00:00,1996-04-15 00:00:00,576
2/4-A-7,DST ,          ,0.0,0.0, ,1996-03-10 00:00:00,1996-04-15 00:00:00,579
2/4-A-9,DST ,          ,0.0,0.0, ,1996-03-12 00:00:00,1996-04-15 00:00:00,583
2/4-B-10,PROD,          ,4173.0,4123.0,OIL,1988-07-17 00:00:00,2000-10-02 00:00:00,615
2/4-B-12,DST ,          ,0.0,0.0, ,1996-02-22 00:00:00,1996-04-15 00:00:00,616
2/4-B-13,DST ,          ,2956.0,0.0, ,1996-02-21 00:00:00,1996-04-15 00:00:00,1848
2/4-B-16,DST ,          ,0.0,0.0, ,1996-02-23 00:00:00,1996-04-15 00:00:00,620
2/4-B-18,DST ,          ,3278.0,0.0, ,1996-03-13 00:00:00,1996-04-15 00:00:00,624
2/4-B-19,DST ,          ,3091.0,0.0, ,1996-03-13 00:00:00,1996-04-15 00:00:00,625
2/4-B-21,DST ,          ,3381.0,0.0, ,1996-03-08 00:00:00,1996-04-15 00:00:00,629
2/4-B-23,DST ,          ,3401.0,0.0, ,1996-03-13 00:00:00,1996-04-15 00:00:00,633
2/4-B-7,DST ,          ,3685.0,0.0, ,1996-03-04 00:00:00,1996-04-15 00:00:00,606
2/4-B-8,DST ,          ,2935.0,0.0, ,1996-03-09 00:00:00,1996-04-15 00:00:00,608
2/4-B-9,PROD,          ,4447.0,4233.0,OIL,1984-01-04 00:00:00,2000-10-02 00:00:00,611
2/4-C-14,DST ,          ,0.0,0.0, ,1996-02-28 00:00:00,1996-04-15 00:00:00,663
2/4-C-17,DST ,          ,0.0,0.0, ,1996-03-09 00:00:00,1996-04-15 00:00:00,1572
2/4-C-8,DST ,          ,0.0,0.0, ,1996-03-02 00:00:00,1996-04-15 00:00:00,652
2/4-E-13,DST ,          ,0.0,0.0, ,1996-04-08 00:00:00,1995-04-17 00:00:00,737
2/4-E-6,DST ,          ,0.0,0.0, ,1996-04-06 00:00:00,1996-04-17 00:00:00,1786
2/4-X-47,PROD,          ,4581.0,4002.0,OIL,1997-08-12 00:00:00,2000-10-02 00:00:00,3157
2/5-11,DST ,DST1      ,3381.0,3363.0, ,1997-10-28 21:45:00,1997-12-23 00:00:00,3084
2/5-11,DST ,DST2      ,0.0,0.0, ,1997-11-03 01:30:00,1997-12-23 00:00:00,3084
2/5-7,DST ,PT-2      ,3263.0,3287.0, ,,1991-03-06 00:00:00,25
2/6-5,DST ,DST1      ,0.0,0.0, ,1997-01-04 14:00:00,2000-04-11 00:00:00,2885
2/7-19,DST ,          ,0.0,0.0, ,2000-10-30 00:00:00,2000-10-02 00:00:00,1367
2/7-19 R,DST ,DST1      ,4711.6,4838.4, ,1990-02-16 00:00:00,1991-09-09 00:00:00,1512
2/7-20,DST ,DST 1     ,4099.5,4258.0, ,1988-06-07 00:00:00,1991-09-09 00:00:00,1062
2/7-21 S,DST ,DST1      ,4578.4,4613.4, ,1989-11-28 00:00:00,1992-08-07 00:00:00,1394
2/7-21 S,DST ,          ,4446.4,4518.6, ,1989-12-10 00:00:00,1991-09-09 00:00:00,1394
2/7-21 S,DST ,DST3      ,4308.3,4337.6, ,1989-12-30 00:00:00,1991-09-09 00:00:00,1394
2/7-22,DST ,DST1      ,4489.0,4496.0, ,1990-09-30 16:00:00,1996-04-15 00:00:00,1495
2/7-26 S,DST ,DST 1     ,4605.5,4696.9, ,1991-08-24 00:00:00,1991-09-26 00:00:00,1756
2/7-26 S,DST ,DST 2     ,4309.8,4538.4, ,1991-09-03 00:00:00,1991-09-26 00:00:00,1756
2/7-27 S,DST ,DST1      ,4484.8,4742.1, ,1992-06-01 00:00:00,1992-08-07 00:00:00,1878
2/7-31,DST ,DST1      ,0.0,0.0, ,1999-05-23 23:00:00,2000-02-14 00:00:00,3573
2/7-A-10,DST ,          ,0.0,0.0, ,1996-04-04 00:00:00,1996-04-17 00:00:00,787
2/7-A-14,DST ,          ,0.0,0.0, ,1996-03-20 00:00:00,1996-04-17 00:00:00,790
2/7-B-13,DST ,          ,0.0,0.0, ,1996-03-03 00:00:00,1996-04-15 00:00:00,816
2/7-B-15,DST ,          ,0.0,0.0, ,1996-03-10 00:00:00,1996-04-15 00:00:00,1426
2/7-D-20,DST ,          ,4090.0,4283.0, ,1996-02-23 00:00:00,1996-04-15 00:00:00,2121
2/7-D-21,DST ,          ,4337.0,4548.0, ,,1996-04-15 00:00:00,2111
2/7-D-26,DST ,          ,4331.0,4560.0, ,,1996-04-15 00:00:00,2120
2/7-D-27,DST ,          ,4505.0,4762.0, ,,1996-04-15 00:00:00,2096
2/8-14,DST ,          ,0.0,0.0, ,,,1552
24/6-2,DST ,TEST1     ,2165.75,2156.75, ,1998-06-30 16:00:00,1998-07-13 00:00:00,3397
24/6-4,DST ,          ,0.0,0.0, ,,2011-08-06 00:00:00,4745
24/9-3,DST ,1         ,1796.0,1805.0,OIL,1981-03-21 00:00:00,1991-07-22 00:00:00,346
24/9-3,DST ,          ,1764.4,1782.2, ,1981-04-01 00:00:00,1991-07-22 00:00:00,346
24/9-7,DST ,          ,0.0,0.0, ,,2011-08-06 00:00:00,4910
24/9-7 A,DST ,          ,1996.0,0.0,OIL,2005-02-09 00:00:00,2011-08-06 00:00:00,4919
25/10-11,DST ,          ,0.0,0.0,OIL,,,6563
25/10-11,DST ,          ,0.0,0.0,OIL,,,6563
25/10-11,MDT ,          ,0.0,4272.5,CONDENSATE,,2012-01-30 00:00:00,6563
25/10-11,MDT ,          ,0.0,4409.5,CONDENSATE,,2012-01-30 00:00:00,6563
25/10-11,MDT ,          ,0.0,4032.0,CONDENSATE,,2012-01-30 00:00:00,6563
25/10-2 R,FIT ,FIT-1     ,2697.5,0.0, ,1972-07-02 00:24:00,,511
25/10-5,DST ,DST1      ,1740.0,1732.0, ,1981-07-11 00:00:00,1991-06-21 00:00:00,365
25/10-5,DST ,DST2      ,1763.0,1756.0, ,1981-07-12 00:00:00,1991-06-21 00:00:00,365
25/10-8,DST ,DST1      ,2392.0,2398.0, ,1997-03-30 09:20:00,1997-11-13 00:00:00,2955
25/1-1,DST ,          ,0.0,0.0,WATER,1971-07-06 00:00:00,1995-08-09 00:00:00,190
25/1-11 R,DST ,          ,2119.9,0.0,CONDENSATE,,2010-04-23 00:00:00,6368
25/1-11 R,FMT ,          ,2158.0,0.0,OIL,,2011-12-13 00:00:00,6368
25/11-14 S,DST ,TEST1     ,1992.2,2015.2, ,1990-11-23 21:45:00,1990-12-04 00:00:00,1672
25/11-15,DST ,DST1      ,1736.0,1775.0, ,1991-12-18 00:00:00,1992-01-10 00:00:00,1872
25/11-18,DST ,          ,0.0,0.0, ,1994-10-14 00:00:00,1994-10-18 00:00:00,2358
25/11-21 A,DST ,          ,0.0,0.0, ,1996-05-01 00:00:00,1996-08-19 00:00:00,2812
25/11-25 S,DST ,          ,0.0,0.0,CONDENSATE,,2011-03-10 00:00:00,5642
25/11-5,DST ,DST1      ,1750.0,1765.0, ,1974-04-30 00:00:00,1991-06-21 00:00:00,366
25/11-6,DST ,DST1      ,1725.0,1740.0, ,1978-09-21 00:00:00,1991-06-21 00:00:00,367
25/11-8,DST ,DST1      ,1720.0,1735.0, ,1979-09-11 13:00:00,1991-06-21 00:00:00,369
25/2-10 S,RFT ,RFT-5     ,2252.0,0.0, ,1986-02-14 00:00:00,1995-08-09 00:00:00,855
25/2-13,DST ,          ,2252.0,0.0, ,1986-02-14 00:00:00,1995-08-09 00:00:00,1459
25/2-13,DST ,DST2B     ,2706.0,2713.0, ,1989-12-20 00:00:00,,1459
25/2-13,DST ,DST3B     ,3396.96,0.0,WATER,1990-01-01 00:00:00,1995-08-09 00:00:00,1459
25/2-13,DST ,DST4      ,3403.0,3411.0,WATER,1990-01-07 15:43:00,1991-10-28 00:00:00,1459
25/2-13,DST ,DST5      ,3343.0,3382.0, ,1990-01-15 00:00:00,1991-10-28 00:00:00,1459
25/2-13,DST ,DST5      ,3343.0,3382.0, ,1990-01-15 00:00:00,1991-10-28 00:00:00,1459
25/2-13,DST ,DST5      ,3343.0,3382.0, ,1990-01-15 00:00:00,1991-10-28 00:00:00,1459
25/2-6,RFT ,          ,3561.0,0.0, ,,1995-08-09 00:00:00,358
25/2-6,RFT ,          ,3267.0,0.0, ,,1995-08-09 00:00:00,358
25/4-1,DST ,          ,0.0,0.0, ,,1995-08-09 00:00:00,359
25/4-5,DST ,TEST1     ,4154.0,4176.0, ,1981-03-15 00:00:00,1995-08-09 00:00:00,201
25/4-5,DST ,DST2      ,4065.0,4088.0, ,1981-03-09 00:00:00,1995-08-09 00:00:00,201
25/4-6 S,DST ,DST1      ,3802.0,3819.0, ,1991-08-14 00:00:00,1992-04-01 00:00:00,1703
25/4-7,MDT ,          ,2110.0,0.0,OIL,2003-04-14 04:35:00,2011-08-06 00:00:00,4716
25/4-8,DST ,          ,2120.0,0.0,OIL,,2003-06-16 00:00:00,4765
25/5-1,DST ,          ,0.0,0.0, ,,1991-10-28 00:00:00,884
25/5-1,DST ,DST3      ,3002.0,2987.0, ,,1991-10-28 00:00:00,884
25/5-1,DST ,DST3B     ,3002.0,2987.0, ,1987-07-31 00:00:00,1991-10-28 00:00:00,884
25/5-2,DST ,DST2      ,3196.0,3201.0, ,1989-06-27 00:00:00,1991-10-28 00:00:00,1346
25/5-3,DST ,DST1      ,2386.0,2405.0, ,1990-03-08 00:00:00,1991-10-28 00:00:00,1488
25/5-5,DST ,          ,2169.5,2158.8, ,1995-11-15 00:00:00,,2661
25/6-1,DST ,DST1      ,2277.0,2280.0,OIL,1986-01-30 00:00:00,1991-02-20 00:00:00,524
25/7-2,DST ,          ,4148.0,4273.0, ,1990-07-11 00:00:00,1991-07-22 00:00:00,1494
25/7-3,DST ,DST1      ,2107.4,2096.4,OIL,1995-08-22 02:00:00,1996-04-15 00:00:00,2623
25/7-5,DST ,DST1      ,2043.0,2052.0, ,1997-08-18 06:32:00,1997-08-28 00:00:00,3132
25/8-1,DST ,TEST1     ,1762.0,1755.0, ,1970-06-30 00:00:00,1991-06-21 00:00:00,173
25/8-11,DST ,DST 1     ,1910.0,1893.0, ,1997-11-15 00:00:00,1997-12-03 00:00:00,3209
25/8-5 S,DST ,DST1      ,2149.0,2118.0, ,1994-09-15 07:45:00,1994-09-26 00:00:00,2390
25/8-D-1 H,MDT ,          ,2145.0,0.0,OIL,2012-06-05 00:00:00,2012-10-01 00:00:00,6885
29/3-1,DST ,DST1B     ,3807.0,3810.0, ,1986-08-24 00:00:00,1990-11-30 00:00:00,904
29/3-1,DST ,DST2B     ,3725.0,3682.0, ,1986-09-02 00:00:00,1990-11-30 00:00:00,904
29/3-1,DST ,DST2C     ,3699.0,3682.0, ,1986-09-05 00:00:00,1990-11-30 00:00:00,904
3/7-2,RFT ,          ,2909.0,0.0,WATER,,1995-08-09 00:00:00,220
3/7-4,DST ,DST1A     ,3440.0,3537.0, ,1990-01-01 00:00:00,1991-03-06 00:00:00,1467
3/7-4,DST ,DST1B     ,3470.0,3440.0, ,1990-01-03 00:00:00,1991-03-06 00:00:00,1467
3/7-A-1 AH,DST ,PROD TEST ,4934.0,4254.0,CONDENSATE,2011-01-27 06:45:00,2011-01-30 00:00:00,6469
3/7-A-1 AH,DST ,          ,4394.0,4254.0,OIL,,2012-10-25 00:00:00,6469
3/7-A-1 AH,DST ,          ,4394.0,4254.0,OIL,,2012-10-25 00:00:00,6469
3/7-A-1 AH,DST ,          ,4394.0,4254.0,OIL,,2012-10-25 00:00:00,6469
3/7-A-1 AH,DST ,          ,4394.0,4254.0,OIL,,2012-10-25 00:00:00,6469
3/7-A-1 AH,DST ,          ,4394.0,4254.0,OIL,,2012-10-25 00:00:00,6469
3/7-A-1 AH,DST ,          ,4394.0,4254.0,OIL,,2012-10-25 00:00:00,6469
3/7-A-1 AH,DST ,          ,4394.0,4254.0,OIL,,2012-10-25 00:00:00,6469
3/7-A-1 AH,DST ,          ,4394.0,4254.0,OIL,,2012-10-25 00:00:00,6469
3/7-A-1 AH,DST ,          ,4394.0,4254.0,OIL,,2012-10-25 00:00:00,6469
3/7-A-1 AH,DST ,          ,4394.0,4254.0,OIL,,2012-10-25 00:00:00,6469
3/7-A-1 AH,DST ,          ,4394.0,4254.0,OIL,,2012-10-25 00:00:00,6469
3/7-A-1 AH,PROD,PROD TEST ,4934.0,4254.0,CONDENSATE,2011-01-29 01:58:00,2011-01-30 00:00:00,6469
30/11-10,MINI,          ,3590.3,0.0,OIL,,2015-04-24 00:00:00,7595
30/11-10,MINI,          ,3610.7,0.0,OIL,,2015-04-24 00:00:00,7595
30/11-10,MINI,          ,3896.7,0.0,OIL,,2015-04-24 00:00:00,7595
30/11-10,MINI,          ,3994.2,0.0,OIL,,2015-04-24 00:00:00,7595
30/11-10 A,MDT ,          ,3693.5,0.0,OIL,,2015-06-16 00:00:00,7602
30/11-10 A,MDT ,          ,3683.5,0.0,OIL,,2015-06-16 00:00:00,7602
30/11-10 A,MDT ,          ,3719.0,0.0,OIL,,2015-06-16 00:00:00,7602
30/11-11 S,DST ,          ,3299.5,0.0,OIL,,2016-08-04 00:00:00,7896
30/11-12 S,DST ,          ,0.0,0.0, ,,,7921
30/11-12 S,DST ,          ,3336.4,0.0,OIL,2016-09-02 00:00:00,2016-10-13 00:00:00,7921
30/11-12 S,DST ,          ,3420.0,0.0,OIL,2016-09-02 00:00:00,2016-10-13 00:00:00,7921
30/11-8 A,DST ,          ,3991.7,0.0,OIL,2011-02-17 00:00:00,2011-10-07 00:00:00,6611
30/11-8 A,DST ,          ,3948.9,0.0,OIL,2011-02-17 00:00:00,2011-10-07 00:00:00,6611
30/11-8 A,DST ,          ,3810.1,0.0,OIL,2011-02-17 00:00:00,2011-10-07 00:00:00,6611
30/11-8 S,DST ,          ,3555.0,0.0,OIL,,2011-08-29 00:00:00,6540
30/11-8 S,DST ,          ,0.0,3614.5,OIL,,2011-08-29 00:00:00,6540
30/11-8 S,DST ,          ,0.0,3614.5,OIL,,2011-08-29 00:00:00,6540
30/11-8 S,DST ,          ,0.0,3748.2,OIL,,2011-08-29 00:00:00,6540
30/11-8 S,DST ,          ,0.0,3748.22,OIL,,2011-08-29 00:00:00,6540
30/2-1,DST ,DST1      ,3785.0,3792.0, ,1982-09-23 00:00:00,1991-10-01 00:00:00,72
30/2-1,DST ,DST2      ,3761.0,3771.0, ,1982-09-30 15:45:00,1991-10-01 00:00:00,72
30/2-1,DST ,DST2B     ,0.0,0.0,OIL,1982-09-25 00:00:00,1991-10-01 00:00:00,72
30/2-1,DST ,DST3      ,3720.0,3728.0, ,1982-10-07 01:34:00,1991-10-01 00:00:00,72
30/2-2,DST ,TEST3     ,3935.0,3974.0, ,1985-04-23 00:00:00,1991-10-01 00:00:00,457
30/2-3,DST ,DST1      ,3895.0,0.0, ,1992-09-09 01:00:00,1992-10-12 00:00:00,1970
30/2-3,DST ,DST2      ,3874.0,0.0, ,1992-09-15 22:00:00,1992-10-12 00:00:00,1970
30/2-3,DST ,DST3      ,3794.0,0.0, ,1992-09-23 13:00:00,1992-10-12 00:00:00,1970
30/3-2,DST ,TEST1     ,2916.0,2923.0, ,1980-12-23 00:00:00,1991-10-01 00:00:00,203
30/3-2,DST ,TEST2C    ,2870.0,2874.0, ,1981-01-24 01:00:00,1991-10-01 00:00:00,203
30/3-4,DST ,TEST1     ,3079.0,3096.0, ,1985-05-01 00:00:00,1991-10-01 00:00:00,460
30/3-4,DST ,TEST3     ,2903.0,2923.0, ,1985-05-21 00:00:00,1991-10-01 00:00:00,460
30/3-4,DST ,TEST4     ,2866.0,2882.0,OIL,1985-05-24 00:00:00,1991-10-01 00:00:00,460
30/3-4,DST ,TEST5     ,2850.0,2857.0,OIL,1985-06-02 00:00:00,1991-11-05 00:00:00,460
30/3-9,DST ,          ,0.0,0.0,CONDENSATE,,2011-03-10 00:00:00,4053
30/3-A-1,DST ,          ,2876.5,0.0, ,,1991-11-05 00:00:00,1080
30/3-A-1,DST ,"TEST1,1   ",3234.0,3250.0, ,1987-09-08 03:00:00,1991-11-05 00:00:00,1080
30/3-A-1,DST ,TEST2     ,3071.0,3088.0, ,1987-09-14 00:00:00,1991-11-05 00:00:00,1080
30/3-A-13,DST ,PRODTEST  ,5028.5,5026.5, ,1992-06-01 07:25:00,1992-07-02 00:00:00,1925
30/3-A-14,DST ,          ,0.0,0.0, ,1993-01-27 00:00:00,1993-02-09 00:00:00,1943
30/3-A-2,DST ,          ,3498.0,0.0, ,,1991-11-05 00:00:00,1175
30/3-A-3,DST ,          ,3194.0,0.0, ,1988-07-12 12:34:00,1991-11-05 00:00:00,1209
30/3-A-4,DST ,          ,3580.0,0.0, ,1988-08-07 00:00:00,1991-11-05 00:00:00,1234
30/3-A-5,DST ,          ,0.0,0.0, ,,1991-11-05 00:00:00,1307
30/5-2,DST ,DST1B     ,3601.3,3627.8, ,1996-12-04 04:00:00,1996-12-17 00:00:00,2886
30/5-2,DST ,DST2      ,3529.0,3591.0, ,1996-12-10 22:12:00,1996-12-17 00:00:00,2886
30/6-1,DST ,DST1      ,2320.0,2330.0, ,1979-09-09 21:00:00,1980-01-01 00:00:00,380
30/6-1,DST ,DST2      ,2301.0,2305.0,CONDENSATE,1980-09-15 00:00:00,1980-01-01 00:00:00,380
30/6-10,DST ,RFT2      ,2467.5,0.0, ,,1991-02-28 00:00:00,92
30/6-10 A,DST ,TEST1     ,2600.0,2602.0, ,1983-02-07 00:00:00,1991-02-28 00:00:00,56
30/6-10 A,DST ,DST3      ,2446.0,2555.0, ,1983-02-18 00:00:00,1991-02-28 00:00:00,56
30/6-10 A,DST ,DST4      ,2480.0,2487.0, ,1983-02-22 00:00:00,1991-02-28 00:00:00,56
30/6-13,DST ,DST1      ,2640.0,2650.0, ,1983-04-27 00:00:00,1991-02-28 00:00:00,7
30/6-14,DST ,DST1A     ,2783.0,2788.0, ,1984-01-29 00:00:00,1991-02-28 00:00:00,53
30/6-15,DST ,DST2      ,3323.8,3330.4, ,1984-08-14 00:00:00,1991-02-28 00:00:00,110
30/6-15,DST ,DST3      ,3265.0,3250.0, ,1984-08-28 00:00:00,1991-02-28 00:00:00,110
30/6-16,DST ,DST1      ,2944.0,2920.0, ,1985-01-14 00:00:00,1991-02-28 00:00:00,333
30/6-16,DST ,DST2      ,2855.0,2868.0, ,1985-01-18 00:00:00,1991-02-28 00:00:00,333
30/6-17,DST ,          ,0.0,0.0, ,,,487
30/6-17 R,DST ,DST1      ,2401.0,2414.0, ,1986-10-28 00:00:00,1991-02-28 00:00:00,849
30/6-18,DST ,DST1A     ,3307.0,3324.0, ,1985-10-20 00:00:00,1991-02-28 00:00:00,488
30/6-19,DST ,DST1      ,2945.0,2954.0,OIL,1986-06-06 00:00:00,1991-02-28 00:00:00,489
30/6-19,DST ,DST2      ,2907.0,2932.3,OIL,1986-06-11 00:00:00,1991-02-28 00:00:00,489
30/6-19,DST ,DST3      ,2876.0,2784.0, ,1986-06-15 00:00:00,1991-02-28 00:00:00,489
30/6-2,DST ,DST1A     ,2212.0,2222.0,CONDENSATE,1979-12-01 00:00:00,1980-01-01 00:00:00,381
30/6-21,DST ,DST1      ,2645.5,2657.5, ,,1991-02-28 00:00:00,1037
30/6-22,DST ,DST1      ,2917.0,2936.0,OIL,1988-07-08 00:00:00,1991-02-28 00:00:00,1225
30/6-22,DST ,DST2      ,2908.75,2912.25,OIL,1988-07-07 00:00:00,1991-02-28 00:00:00,1225
30/6-23,DST ,          ,2860.0,2881.0, ,,,1545
30/6-23,DST ,DST2      ,2827.0,2853.0, ,1990-06-18 00:00:00,,1545
30/6-23,DST ,DST3      ,2803.0,2812.0, ,1990-06-21 17:16:00,,1545
30/6-28 S,MDT ,          ,2485.0,0.0,OIL,,2012-07-19 00:00:00,6768
30/6-3,DST ,TEST1     ,2476.0,2486.0,CONDENSATE,1980-02-18 00:00:00,1991-11-05 00:00:00,382
30/6-4,DST ,          ,0.0,0.0, ,,,383
30/6-4,DST ,DST 1     ,2655.0,2665.0, ,1981-04-25 20:15:00,1981-01-01 00:00:00,383
30/6-4,DST ,DST 2     ,2630.5,2638.0, ,1981-05-04 20:30:00,1981-01-01 00:00:00,383
30/6-9,DST ,DST5      ,2460.0,2463.0, ,1982-12-10 00:00:00,1991-02-28 00:00:00,83
30/6-C-8 D,MDT ,          ,0.0,0.0,OIL,,2015-08-07 00:00:00,7633
30/8-1 SR,DST ,TEST1B    ,4796.39,4700.0, ,1996-02-17 02:05:00,1996-05-15 00:00:00,2719
30/8-4 S,DST ,          ,0.0,0.0,OIL,2009-01-19 00:00:00,,5974
30/9-1,DST ,DST2A     ,2727.0,2733.0, ,1983-01-15 00:00:00,1991-02-28 00:00:00,65
30/9-1,DST ,DST3      ,2689.0,2692.0, ,1983-01-21 00:00:00,1991-02-28 00:00:00,65
30/9-10,DST ,DST1A     ,2757.0,2776.0, ,1990-12-10 00:00:00,1991-02-28 00:00:00,1514
30/9-10,DST ,DST1B     ,2779.7,2824.7, ,1990-12-10 00:00:00,1991-02-28 00:00:00,1514
30/9-13 S,DST ,TEST1     ,3086.5,3094.5,OIL,1991-09-14 14:00:00,1991-10-01 00:00:00,1811
30/9-13 S,DST ,TEST2     ,3023.9,3072.9, ,1991-09-29 15:00:00,1991-10-14 00:00:00,1811
30/9-13 S,DST ,DST3      ,2958.1,2986.1,CONDENSATE,1991-10-04 10:15:00,1991-10-14 00:00:00,1811
30/9-14,DST ,TEST2     ,3127.0,3084.0,OIL,1993-05-04 01:06:00,1993-05-26 00:00:00,2076
30/9-16,DST ,DST1      ,2753.0,2722.0,OIL,1994-04-23 06:45:00,,2361
30/9-16,DST ,DST2      ,2694.1,2685.1,OIL,1994-08-02 12:00:00,,2361
30/9-19 A,DST ,TEST1     ,3347.0,3363.0,OIL,1998-12-05 22:15:00,1999-01-19 00:00:00,3593
30/9-28 S,MDT ,          ,2928.3,0.0,OIL,,2016-08-17 00:00:00,7869
30/9-28 S,MDT ,          ,3654.0,0.0,OIL,,2016-08-17 00:00:00,7869
30/9-3,DST ,          ,0.0,0.0, ,,,55
30/9-3 A,DST ,DST1      ,2916.0,2910.0,OIL,1984-05-11 00:00:00,1991-02-28 00:00:00,102
30/9-4 S,DST ,DST1      ,3422.0,3416.0,OIL,1985-03-11 00:00:00,1991-02-28 00:00:00,452
30/9-4 S,DST ,DST2      ,3324.0,3311.0,CONDENSATE,1985-03-20 00:00:00,1991-02-28 00:00:00,452
30/9-6,DST ,DST1      ,2637.9,2645.5,OIL,1987-04-08 00:00:00,1991-02-28 00:00:00,1027
30/9-6,DST ,DST2      ,2591.5,2596.5,OIL,1987-04-12 00:00:00,1991-02-28 00:00:00,1027
30/9-7,DST ,TEST1     ,2811.0,2822.0, ,1989-01-01 00:00:00,1991-02-28 00:00:00,1306
30/9-8,DST ,DST2A     ,2837.0,2848.0, ,1989-09-19 00:00:00,1991-02-28 00:00:00,1421
30/9-8,DST ,DST2B     ,2825.0,2848.0, ,1989-09-21 00:00:00,1991-02-28 00:00:00,1421
30/9-9,DST ,TEST1     ,2394.4,2409.4,OIL,1989-10-26 00:00:00,1991-02-28 00:00:00,1442
30/9-9,DST ,          ,2294.6,2310.6, ,1989-10-31 00:00:00,1991-02-28 00:00:00,1442
31/2-11,DST ,          ,1576.0,1582.0, ,1983-05-08 00:00:00,1991-11-05 00:00:00,6
31/2-12,DST ,DST1      ,1428.0,1452.0,CONDENSATE,1983-07-30 00:00:00,1991-03-06 00:00:00,14
31/2-13 S,DST ,DST1      ,1801.0,1806.0,OIL,1984-03-03 00:00:00,1991-03-06 00:00:00,93
31/2-14,DST ,TEST-1    ,1590.0,1583.0,OIL,1984-06-10 00:00:00,1991-03-06 00:00:00,106
31/2-15,DST ,TEST1     ,1572.0,1584.0, ,1984-10-18 00:00:00,1991-03-06 00:00:00,439
31/2-2 R,DST ,          ,0.0,0.0, ,1980-07-02 00:00:00,1991-11-05 00:00:00,504
31/2-3,DST ,DST1      ,1577.0,1582.0,WATER,1980-06-06 20:00:00,1991-11-05 00:00:00,236
31/2-5 R2,DST ,          ,1591.0,1594.0,OIL,1984-04-13 00:02:00,1991-03-06 00:00:00,501
31/2-6,DST ,TEST1     ,1576.0,1579.0, ,1981-09-20 00:00:00,1991-03-06 00:00:00,399
31/2-6,DST ,TEST2     ,1518.0,1536.0, ,1981-10-06 00:00:00,1991-03-06 00:00:00,399
31/2-7,DST ,DST1      ,1584.0,1590.0, ,1982-06-06 00:00:00,1991-03-06 00:00:00,70
31/2-D-1 BY1H,MDT ,          ,0.0,0.0,WATER,2014-09-17 16:50:00,2014-10-17 00:00:00,5776
31/2-D-1 BY2H,MDT ,          ,0.0,0.0,WATER,2014-09-17 16:50:00,2014-10-17 00:00:00,5777
31/2-D-1 BY3H,MDT ,          ,0.0,0.0,WATER,2014-09-17 16:50:00,2014-10-17 00:00:00,5778
31/2-E-1 BY1H,MDT ,          ,0.0,0.0,WATER,2014-09-16 16:05:00,2014-10-17 00:00:00,5695
31/2-E-1 BY2H,MDT ,          ,0.0,0.0,WATER,2014-09-16 16:05:00,2014-10-17 00:00:00,5696
31/2-E-5 BY1H,MDT ,          ,0.0,0.0,WATER,2014-09-16 16:05:00,2014-10-17 00:00:00,7018
31/2-E-5 BY2H,MDT ,          ,0.0,0.0,WATER,2014-09-16 16:05:00,2014-10-17 00:00:00,7019
31/2-E-5 BY3H,MDT ,          ,0.0,0.0,WATER,2014-09-16 16:05:00,2014-10-17 00:00:00,7020
31/2-F-4 BY1H,MDT ,          ,0.0,0.0,WATER,2014-09-14 10:50:00,2014-10-17 00:00:00,7267
31/2-F-4 BY2H,MDT ,          ,0.0,0.0,WATER,2014-09-14 10:50:00,2014-10-17 00:00:00,7268
31/2-F-4 BY3H,MDT ,          ,0.0,0.0,WATER,2014-09-14 10:50:00,2014-10-17 00:00:00,7269
31/2-G-3 AY1H,MDT ,          ,0.0,0.0,WATER,2014-10-14 09:50:00,2014-11-25 00:00:00,6512
31/2-G-3 AY2H,MDT ,          ,0.0,0.0,WATER,2014-10-14 09:50:00,2014-11-25 00:00:00,6513
31/2-G-3 AY3H,MDT ,          ,0.0,0.0,WATER,2014-10-14 09:50:00,2014-11-25 00:00:00,6514
31/2-K-11 Y1H,MDT ,          ,0.0,0.0,WATER,2014-10-14 09:45:00,2014-11-25 00:00:00,4802
31/2-K-11 Y2H,MDT ,          ,0.0,0.0,WATER,2014-10-14 09:45:00,2014-11-25 00:00:00,4803
31/2-K-11 Y3H,MDT ,          ,0.0,0.0,WATER,2014-10-14 09:45:00,2014-11-25 00:00:00,4804
31/2-K-12 BY1H,MDT ,          ,0.0,0.0,WATER,2014-10-14 09:45:00,2014-11-25 00:00:00,6596
31/2-K-12 BY2H,MDT ,          ,0.0,0.0,WATER,2014-10-14 09:45:00,2014-11-25 00:00:00,6597
31/2-K-13 BY1H,MDT ,          ,0.0,0.0,WATER,2014-09-10 17:40:00,2014-10-17 00:00:00,6961
31/2-K-13 BY2H,MDT ,          ,0.0,0.0,WATER,2014-09-10 17:40:00,2014-10-17 00:00:00,6962
31/2-K-13 BY3H,MDT ,          ,0.0,0.0,WATER,2014-09-10 17:40:00,2014-10-17 00:00:00,6963
31/2-K-14 BY1H,MDT ,          ,0.0,0.0,WATER,2014-10-14 09:45:00,2014-11-25 00:00:00,6797
31/2-K-14 BY2H,MDT ,          ,0.0,0.0,WATER,2014-10-14 09:45:00,2014-11-25 00:00:00,6798
31/2-K-22 BY1H,MDT ,          ,0.0,0.0,WATER,2014-09-10 17:40:00,2014-10-17 00:00:00,7157
31/2-K-22 BY2H,MDT ,          ,0.0,0.0,WATER,2014-09-10 17:40:00,2014-10-17 00:00:00,7158
31/2-K-23 BY1H,MDT ,          ,0.0,0.0,WATER,2014-09-10 17:40:00,2014-10-17 00:00:00,6987
31/2-K-23 BY2H,MDT ,          ,0.0,0.0,WATER,2014-09-10 17:40:00,2014-10-17 00:00:00,6988
31/2-L-12 Y1H,MDT ,          ,0.0,0.0,WATER,2014-11-03 00:00:00,2014-11-25 00:00:00,4706
31/2-L-12 Y2H,MDT ,          ,0.0,0.0,WATER,2014-11-03 00:00:00,2014-11-25 00:00:00,4707
31/2-L-24 BY1H,MDT ,          ,0.0,0.0,WATER,2014-11-03 00:00:00,2014-11-25 00:00:00,7162
31/2-L-24 BY2H,MDT ,          ,0.0,0.0,WATER,2014-11-03 00:00:00,2014-11-25 00:00:00,7163
31/2-L-24 BY3H,MDT ,          ,0.0,0.0,WATER,2014-11-03 00:00:00,2014-11-25 00:00:00,7164
31/2-M-13 AY1H,MDT ,          ,0.0,0.0,WATER,2014-09-18 22:15:00,2014-10-03 00:00:00,7327
31/2-M-13 AY2H,MDT ,          ,0.0,0.0,WATER,2014-09-18 22:15:00,2014-10-03 00:00:00,7328
31/2-M-13 AY3H,MDT ,          ,0.0,0.0,WATER,2014-09-18 22:15:00,2014-10-03 00:00:00,7329
31/2-M-23 BY1H,MDT ,          ,0.0,0.0,WATER,2014-09-19 08:10:00,2014-10-03 00:00:00,7287
31/2-M-23 BY2H,MDT ,          ,0.0,0.0,WATER,2014-09-19 08:10:00,2014-10-03 00:00:00,7288
31/2-N-13 AY1H,MDT ,          ,0.0,0.0,WATER,2014-12-24 16:30:00,2015-01-06 00:00:00,6743
31/2-N-13 AY2H,MDT ,          ,0.0,0.0,WATER,2014-12-24 16:30:00,2015-01-06 00:00:00,6744
31/2-N-14 BY1H,MDT ,          ,0.0,0.0,WATER,2014-12-24 16:30:00,2015-01-06 00:00:00,7088
31/2-N-14 BY2H,MDT ,          ,0.0,0.0,WATER,2014-12-24 16:30:00,2015-01-06 00:00:00,7089
31/2-N-14 BY3H,MDT ,          ,0.0,0.0,WATER,2014-12-24 16:30:00,2015-01-06 00:00:00,7090
31/2-N-21 AY1H,MDT ,          ,0.0,0.0,WATER,2014-09-16 11:10:00,2014-10-03 00:00:00,7494
31/2-N-21 AY2H,MDT ,          ,0.0,0.0,WATER,2014-09-16 11:10:00,2014-10-03 00:00:00,7495
31/2-N-21 AY3H,MDT ,          ,0.0,0.0,WATER,2014-09-16 11:10:00,2014-10-03 00:00:00,7496
31/2-N-21 AY4H,MDT ,          ,0.0,0.0,WATER,2014-09-16 11:10:00,2014-10-03 00:00:00,7497
31/2-N-21 AY5H,MDT ,          ,0.0,0.0,WATER,2014-09-16 11:10:00,2014-10-03 00:00:00,7498
31/2-O-11 AY1H,MDT ,          ,0.0,0.0,WATER,2014-12-23 13:40:00,2015-01-06 00:00:00,5822
31/2-O-11 AY2H,MDT ,          ,0.0,0.0,WATER,2014-12-23 13:40:00,2015-01-06 00:00:00,5823
31/2-O-13 BY1H,MDT ,          ,0.0,0.0,WATER,2014-12-23 00:00:00,2015-01-06 00:00:00,5249
31/2-O-13 BY2H,MDT ,          ,0.0,0.0,WATER,2014-12-23 13:40:00,2015-01-06 00:00:00,5250
31/2-O-25 Y1H,MDT ,          ,0.0,0.0,WATER,2014-12-05 08:25:00,2015-01-06 00:00:00,6302
31/2-O-25 Y2H,MDT ,          ,0.0,0.0,WATER,2014-12-05 08:25:00,2015-01-06 00:00:00,6850
31/2-P-13 BY1H,MDT ,          ,0.0,0.0,WATER,2015-03-28 13:30:00,2015-04-08 00:00:00,6365
31/2-P-13 BY2H,MDT ,          ,0.0,0.0,WATER,2015-03-28 13:30:00,2015-04-08 00:00:00,6366
31/2-P-24 BY1H,MDT ,          ,0.0,0.0,WATER,2014-10-03 08:25:00,2014-10-20 00:00:00,6995
31/2-P-24 BY2H,MDT ,          ,0.0,0.0,WATER,2014-10-03 08:25:00,2014-10-20 00:00:00,6996
31/2-P-24 BY3H,MDT ,          ,0.0,0.0,WATER,2014-10-03 08:25:00,2014-10-20 00:00:00,6997
31/2-Q-13 BY1H,MDT ,          ,0.0,0.0,WATER,2015-03-23 09:40:00,2015-04-07 00:00:00,7562
31/2-Q-13 BY2H,MDT ,          ,0.0,0.0,WATER,2015-03-23 09:40:00,2015-04-07 00:00:00,7563
31/2-Q-13 BY3H,MDT ,          ,0.0,0.0,WATER,2015-03-23 00:00:00,2015-04-07 00:00:00,7564
31/2-Q-13 BY4H,MDT ,          ,0.0,0.0,WATER,2015-03-23 09:40:00,2015-04-07 00:00:00,7565
31/2-S-14 BY1H,MDT ,          ,0.0,0.0,WATER,2015-03-29 13:15:00,2015-04-08 00:00:00,6566
31/2-S-14 BY2H,MDT ,          ,0.0,0.0,WATER,2015-03-29 13:15:00,2015-04-08 00:00:00,6567
31/2-X-13 AY1H,MDT ,          ,0.0,0.0,WATER,2014-09-18 10:00:00,2014-10-03 00:00:00,7339
31/2-X-13 AY2H,MDT ,          ,0.0,0.0,WATER,2014-09-18 10:00:00,2014-10-03 00:00:00,7340
31/2-X-13 AY3H,MDT ,          ,0.0,0.0,WATER,2014-09-18 10:00:00,2014-10-03 00:00:00,7341
31/2-X-13 AY4H,MDT ,          ,0.0,0.0,WATER,2014-09-18 10:00:00,2014-10-03 00:00:00,7342
31/2-X-21 AY1H,MDT ,          ,0.0,0.0,WATER,2014-12-22 08:50:00,2014-01-06 00:00:00,7170
31/2-X-21 AY2H,MDT ,          ,0.0,0.0,WATER,2014-12-22 08:50:00,2015-01-06 00:00:00,7171
31/2-X-24 AH,MDT ,          ,0.0,0.0,WATER,2014-12-22 08:50:00,2015-01-06 00:00:00,4230
31/2-Y-14 BY1H,MDT ,          ,0.0,0.0,WATER,2014-11-19 18:10:00,2014-11-25 00:00:00,7482
31/2-Y-14 BY2H,MDT ,          ,0.0,0.0,WATER,2014-11-19 18:10:00,2014-11-25 00:00:00,7483
31/2-Y-14 BY3H,MDT ,          ,0.0,0.0,WATER,2014-11-19 18:10:00,2014-11-25 00:00:00,7484
31/2-Y-23 CY1H,MDT ,          ,0.0,0.0,WATER,2014-12-20 09:55:00,2015-01-06 00:00:00,6402
31/2-Y-23 CY2H,MDT ,          ,0.0,0.0,WATER,2014-12-20 09:55:00,2014-01-06 00:00:00,6403
31/2-Y-24 BY1H,MDT ,          ,0.0,0.0,WATER,2014-12-20 09:55:00,2015-01-06 00:00:00,6789
31/2-Y-24 BY2H,MDT ,          ,0.0,0.0,WATER,2014-12-20 09:55:00,2015-01-06 00:00:00,6790
31/3-1,DST ,TEST1     ,1519.0,1529.0,OIL,1983-09-22 14:50:00,1991-11-05 00:00:00,20
31/3-1,DST ,TEST2     ,1373.0,1383.0, ,1983-10-04 15:30:00,1991-11-05 00:00:00,20
31/3-S-21 BY1H,MDT ,          ,0.0,0.0,WATER,2014-09-17 09:45:00,2014-10-03 00:00:00,5157
31/3-S-21 BY2H,MDT ,          ,0.0,0.0,WATER,2014-09-17 09:45:00,2014-10-03 00:00:00,5158
31/3-S-21 BY3H,MDT ,          ,0.0,0.0,WATER,2014-09-17 09:45:00,2014-10-03 00:00:00,5159
31/4-6,DST ,DST1      ,2159.0,2163.0, ,1982-04-14 00:00:00,1991-02-28 00:00:00,43
31/4-6,DST ,          ,0.0,0.0, ,,,43
31/4-7,DST ,DST1      ,2398.0,2390.0, ,1984-08-31 00:00:00,1991-02-28 00:00:00,235
31/4-7,DST ,DST2      ,2039.0,2028.0,CONDENSATE,1984-09-06 00:00:00,1991-02-28 00:00:00,235
31/4-9,DST ,DST2      ,2169.6,2171.6,OIL,1987-03-01 00:00:00,1991-11-05 00:00:00,1026
31/5-2 R,DST ,          ,1577.0,1581.0,OIL,1984-07-01 00:00:00,1991-02-20 00:00:00,499
31/5-2 R,DST ,DST2      ,1574.0,1576.0,OIL,1984-08-09 20:00:00,1991-02-20 00:00:00,499
31/5-2 R,DST ,"DST2,1    ",1576.0,1574.0,OIL,1984-08-02 19:00:00,1991-02-20 00:00:00,499
31/5-2 R,DST ,DST3      ,1546.5,1554.0, ,1984-08-24 00:00:00,1991-02-20 00:00:00,499
31/5-2 R,DST ,DST3B     ,1554.5,1546.5,CONDENSATE,1984-08-25 00:00:00,1991-02-20 00:00:00,499
31/5-3,DST ,DST2      ,1582.3,1586.3,OIL,1984-06-02 19:00:00,1991-02-20 00:00:00,101
31/5-H-5 BY1H,MDT ,          ,0.0,0.0,WATER,2014-09-14 10:45:00,2014-10-17 00:00:00,6847
31/5-H-5 BY1H,MDT ,          ,0.0,0.0,WATER,2014-09-14 18:10:00,2014-10-17 00:00:00,6847
31/5-H-5 BY2H,MDT ,          ,0.0,0.0,WATER,2014-09-14 10:45:00,2014-10-17 00:00:00,6848
31/5-H-5 BY2H,MDT ,          ,0.0,0.0,WATER,2014-09-14 18:10:00,2014-10-17 00:00:00,6848
31/5-I-12 AY1H,MDT ,          ,0.0,0.0,WATER,2014-09-12 11:10:00,2014-10-17 00:00:00,6784
31/5-I-12 AY1H,MDT ,          ,0.0,0.0,WATER,2014-09-11 10:55:00,2014-10-17 00:00:00,6784
31/5-I-12 AY2H,MDT ,          ,0.0,0.0,WATER,2014-09-12 11:10:00,2014-10-17 00:00:00,6785
31/5-I-12 AY2H,MDT ,          ,0.0,0.0,WATER,2014-09-11 10:55:00,2014-10-17 00:00:00,6785
31/5-I-22 BY1H,MDT ,          ,0.0,0.0,WATER,2014-11-15 18:00:00,2014-11-25 00:00:00,7237
31/5-I-22 BY2H,MDT ,          ,0.0,0.0,WATER,2014-11-15 18:00:00,2014-11-25 00:00:00,7238
31/5-I-22 BY3H,MDT ,          ,0.0,0.0,WATER,2014-11-15 18:00:00,2014-11-25 00:00:00,7239
31/5-I-32 Y1H,MDT ,          ,0.0,0.0,WATER,2014-09-11 10:55:00,2014-10-17 00:00:00,4673
31/5-I-32 Y2H,MDT ,          ,0.0,0.0,WATER,2014-09-11 10:55:00,2014-10-17 00:00:00,4674
31/5-J-12 AY1H,MDT ,          ,0.0,0.0,WATER,2014-10-18 10:15:00,2014-11-25 00:00:00,7389
31/5-J-12 AY2H,MDT ,          ,0.0,0.0,WATER,2014-10-18 10:15:00,2014-11-25 00:00:00,7390
31/5-J-12 AY3H,MDT ,          ,0.0,0.0,WATER,2014-10-18 10:15:00,2014-11-25 00:00:00,7392
31/5-J-22 AY1H,MDT ,          ,0.0,0.0,WATER,2014-12-27 13:00:00,2015-01-22 00:00:00,6675
31/5-J-22 AY2H,MDT ,          ,0.0,0.0,WATER,2014-12-27 13:00:00,2015-01-22 00:00:00,6676
31/5-J-22 AY3H,MDT ,          ,0.0,0.0,WATER,2014-12-27 13:00:00,2015-01-22 00:00:00,6677
31/6-1,DST ,DST1      ,1562.5,1567.5,WATER,1983-09-29 00:00:00,1991-02-28 00:00:00,22
31/6-1,DST ,DST2      ,1435.0,1441.0,CONDENSATE,1983-10-18 00:00:00,1991-02-28 00:00:00,22
31/6-1,DST ,DST 2     ,1441.0,1435.0,CONDENSATE,1983-10-18 00:00:00,1991-02-28 00:00:00,22
31/6-2 R,DST ,TEST1     ,1510.0,1506.0, ,1984-08-06 21:50:00,1991-11-05 00:00:00,498
31/6-2 R,PROD,TEST1     ,1510.0,1506.0, ,1984-08-06 21:50:00,,498
31/6-5,DST ,TEST1A    ,1568.0,1558.0, ,1984-05-15 11:30:00,1991-11-05 00:00:00,105
31/6-6,DST ,DST1A     ,0.0,0.0, ,1984-07-15 00:00:00,1991-11-05 00:00:00,127
31/6-6,PROD,TEST1A    ,0.0,0.0,CONDENSATE,1984-07-15 03:00:00,,127
33/12-8 A,DST ,          ,0.0,0.0,CONDENSATE,,2011-03-10 00:00:00,4532
33/12-8 S,DST ,          ,2914.0,0.0,OIL,2002-04-21 00:00:00,2011-03-10 00:00:00,4493
33/9-12,DST ,TEST2     ,2505.0,2508.0, ,1987-07-25 16:45:00,1991-11-05 00:00:00,1069
33/9-12,DST ,TEST3     ,2463.0,2489.0, ,1987-07-29 01:50:00,1991-11-05 00:00:00,1069
33/9-13 S,DST ,"TEST1,1   ",2758.0,2787.0, ,1987-11-26 02:30:00,1991-11-05 00:00:00,1028
33/9-13 S,DST ,"TEST1,2   ",2758.0,2787.0,OIL,1987-11-28 04:30:00,1991-11-05 00:00:00,1028
33/9-13 S,DST ,TEST2     ,2727.0,2740.7, ,1987-12-13 00:00:00,1991-11-05 00:00:00,1028
33/9-14,DST ,TEST1     ,2746.8,2759.8,OIL,1988-03-23 00:00:00,1991-11-05 00:00:00,1226
33/9-14,DST ,"TEST2,1   ",2718.0,2732.0,OIL,1988-03-28 00:00:00,1991-11-05 00:00:00,1226
33/9-14,DST ,"TEST2,2   ",2675.0,2705.0,OIL,1988-03-31 14:30:00,1991-11-05 00:00:00,1226
33/9-C-32,DST ,          ,0.0,0.0, ,1991-04-24 00:00:00,1991-11-05 00:00:00,909
33/9-C-36,DST ,          ,0.0,0.0, ,1989-08-13 00:00:00,1991-11-05 00:00:00,1388
33/9-M-2 H,DST ,          ,0.0,0.0, ,,,2155
33/9-M-2 H,PROD,TEST1     ,0.0,0.0,OIL,1994-07-27 00:00:00,1994-09-22 00:00:00,2155
34/10-1,DST ,DST1      ,1930.0,1935.0, ,1978-08-21 00:00:00,1980-01-01 00:00:00,424
34/10-1,DST ,DST3      ,1788.0,1792.0, ,1978-08-29 00:00:00,1980-01-01 00:00:00,424
34/10-11,DST ,TEST2     ,1891.0,1896.0, ,1981-02-23 00:00:00,1991-12-05 00:00:00,211
34/10-13,DST ,TEST2     ,2003.0,2009.0, ,1981-12-23 21:15:00,1991-12-05 00:00:00,431
34/10-16,DST ,TEST1     ,3397.0,3407.0,OIL,1983-09-10 00:00:00,1991-12-05 00:00:00,59
34/10-16,DST ,TEST2     ,3177.0,3187.0, ,1983-09-17 00:00:00,1991-12-05 00:00:00,59
34/10-17,DST ,TEST2     ,2880.0,2895.0, ,1983-08-07 00:00:00,1991-12-05 00:00:00,5
34/10-17,DST ,TEST3     ,2835.0,2845.0, ,1983-06-22 00:00:00,1991-12-05 00:00:00,5
34/10-17,DST ,TEST4     ,2754.0,2790.0,CONDENSATE,1983-06-28 06:20:00,1991-12-05 00:00:00,5
34/10-2,DST ,TEST2     ,3353.0,3365.0, ,1979-07-22 00:00:00,1991-11-05 00:00:00,425
34/10-2,DST ,TEST3     ,3335.0,3345.0, ,1979-07-26 08:00:00,1980-01-01 00:00:00,425
34/10-2,DST ,TEST3A    ,3335.0,0.0, ,1979-07-28 00:00:00,1991-11-05 00:00:00,425
34/10-2,DST ,TEST4     ,3110.0,3115.0, ,1979-08-02 13:00:00,1980-01-01 00:00:00,425
34/10-2,DST ,DST5      ,3018.0,3028.0, ,1979-08-05 07:02:00,1980-01-01 00:00:00,425
34/10-21,DST ,TEST2     ,3290.0,3312.0,CONDENSATE,1984-10-13 00:00:00,1991-12-05 00:00:00,221
34/10-23,DST ,TEST1     ,4085.0,4095.0,CONDENSATE,1985-09-28 16:35:00,1991-12-05 00:00:00,476
34/10-3,DST ,DST 2     ,1940.0,1935.0, ,1979-06-01 00:00:00,1980-01-01 00:00:00,426
34/10-30,DST ,TEST1     ,3460.0,3473.0, ,1986-04-15 03:42:00,1991-12-05 00:00:00,877
34/10-30,DST ,TEST2     ,3297.0,3318.0, ,1986-04-21 20:50:00,1991-12-05 00:00:00,877
34/10-30,DST ,TEST3     ,3125.0,3155.0, ,1986-04-30 00:00:00,1991-12-05 00:00:00,877
34/10-32 R,DST ,TEST2     ,3368.0,3374.0,OIL,1987-08-02 15:00:00,1991-12-05 00:00:00,1128
34/10-33,DST ,"TEST1,1   ",3378.0,3394.0, ,1988-11-29 00:00:00,1991-12-05 00:00:00,1302
34/10-33,DST ,TEST2     ,0.0,0.0, ,1988-12-08 09:00:00,1991-12-05 00:00:00,1302
34/10-33,DST ,"TEST2,1   ",3279.0,3307.0,OIL,1988-12-08 07:31:00,1991-12-05 00:00:00,1302
34/10-33 C,DST ,DST 1B    ,0.0,0.0, ,1990-04-11 00:00:00,1991-12-05 00:00:00,1384
34/10-34,DST ,TEST1     ,2001.0,1994.0, ,1991-05-23 12:15:00,1991-12-05 00:00:00,1747
34/10-35,DST ,TEST1     ,4015.0,4025.0, ,1992-06-01 20:00:00,1992-07-02 00:00:00,1874
34/10-35,DST ,TEST2     ,3995.0,3984.0, ,1992-06-09 11:00:00,1992-07-02 00:00:00,1874
34/10-35,DST ,TEST3     ,3929.0,3920.0, ,1992-06-15 09:30:00,1992-07-02 00:00:00,1874
34/10-36,DST ,TEST1     ,3371.2,3373.2, ,1992-06-28 15:00:00,1992-07-23 00:00:00,1940
34/10-38 S,DST ,TEST1B    ,0.0,0.0, ,1995-05-23 02:35:00,1995-07-17 00:00:00,2517
34/10-4,DST ,DST1A     ,1880.0,1885.0, ,1979-10-05 22:00:00,1980-01-01 00:00:00,427
34/10-4,DST ,DST 2     ,1824.0,1826.0, ,1979-10-12 00:00:00,1980-01-01 00:00:00,427
34/10-47 S,DST ,          ,0.0,0.0,OIL,,2011-03-10 00:00:00,4609
34/10-52 B,MDT ,          ,3666.9,0.0,OIL,2011-08-13 00:00:00,2012-01-13 00:00:00,6658
34/10-52 B,MDT ,          ,0.0,3575.1,OIL,2011-08-13 00:00:00,2012-01-13 00:00:00,6658
34/10-52 B,MDT ,          ,0.0,3615.7,OIL,2011-08-13 00:00:00,2012-01-13 00:00:00,6658
34/10-53 A,DST ,          ,4630.5,0.0,OIL,,2011-08-25 00:00:00,6495
34/10-53 A,DST ,          ,0.0,4546.0,OIL,,,6495
34/10-54 A,MDT ,          ,4147.5,0.0,CONDENSATE,2014-08-07 00:00:00,2014-09-26 00:00:00,7254
34/10-54 A,MDT ,          ,4565.3,0.0,CONDENSATE,2014-08-08 00:00:00,2014-09-26 00:00:00,7254
34/10-54 S,MDT ,          ,3988.0,0.0,CONDENSATE,2014-06-27 00:00:00,2014-07-23 00:00:00,7253
34/10-54 S,MDT ,          ,4024.0,0.0,OIL,2014-06-27 00:00:00,2014-07-23 00:00:00,7253
34/10-54 S,MDT ,          ,4041.98,0.0,OIL,2014-07-01 00:00:00,2014-07-23 00:00:00,7253
34/10-54 S,MDT ,          ,4059.0,0.0,OIL,2014-07-01 00:00:00,2014-06-17 00:00:00,7253
34/10-54 S,MDT ,          ,4085.5,0.0,OIL,2014-07-17 00:00:00,2014-06-17 00:00:00,7253
34/10-54 S,MDT ,          ,4181.2,0.0,OIL,2014-07-18 00:00:00,2014-07-23 00:00:00,7253
34/10-6,DST ,          ,3037.5,0.0, ,1991-04-06 00:00:00,1991-12-05 00:00:00,429
34/10-7,DST ,          ,1833.0,1840.0, ,,1980-01-01 00:00:00,222
34/10-7,DST ,DST 1     ,1558.0,1865.0, ,1980-03-17 15:00:00,1991-12-05 00:00:00,222
34/10-7,DST ,TEST2     ,1835.0,1865.0,OIL,1983-07-01 00:00:00,1991-12-05 00:00:00,222
34/10-8,DST ,DST 1     ,1845.0,1848.0, ,1980-05-17 00:00:00,1980-01-01 00:00:00,230
34/10-9,DST ,          ,2078.0,2084.0, ,,,140
34/10-9,DST ,DST 2A    ,2084.0,2090.0, ,1980-06-21 13:00:00,1980-01-01 00:00:00,140
34/10-9,DST ,DST 3     ,1906.0,1910.0, ,1980-06-24 00:00:00,1980-01-01 00:00:00,140
34/10-A-16,DST ,          ,0.0,0.0, ,1990-07-31 00:00:00,1991-12-05 00:00:00,1285
34/10-A-22,DST ,TEST4C    ,2195.0,0.0,CONDENSATE,1989-03-23 00:00:00,1991-12-05 00:00:00,1379
34/10-A-30,DST ,          ,0.0,0.0, ,1993-01-28 00:00:00,1993-02-09 00:00:00,1682
34/10-A-37,DST ,          ,0.0,0.0, ,1995-03-22 00:00:00,1995-04-24 00:00:00,1947
34/10-A-37,DST ,          ,0.0,0.0, ,1993-01-28 00:00:00,1993-02-09 00:00:00,1947
34/10-A-5 H,PROD,PROD 1    ,1933.0,1886.0, ,1987-03-24 00:00:00,1991-12-05 00:00:00,942
34/10-B-23,DST ,          ,0.0,0.0, ,1993-01-26 00:00:00,1993-02-09 00:00:00,1982
34/10-B-5,DST ,          ,0.0,0.0, ,,1991-12-05 00:00:00,1124
34/10-C-1,DST ,          ,0.0,0.0, ,1993-01-24 18:40:00,1993-02-09 00:00:00,1472
34/10-C-14,DST ,          ,0.0,0.0, ,1993-01-25 11:30:00,1993-02-09 00:00:00,2017
34/10-C-2,DST ,          ,0.0,0.0, ,1990-07-28 00:00:00,1991-12-05 00:00:00,1491
34/10-C-6,DST ,RFT       ,3037.5,0.0, ,1991-04-06 00:00:00,1992-04-01 00:00:00,1716
34/10-C-7,DST ,TEST2     ,3341.0,3099.0, ,1991-10-15 00:00:00,1992-04-01 00:00:00,1045
34/11-1,DST ,DST1      ,4114.0,4093.5,CONDENSATE,1994-10-11 03:30:00,1994-10-20 00:00:00,2377
34/11-2 S,DST ,TEST1B    ,4260.0,4185.0,CONDENSATE,1996-05-01 00:00:00,1996-08-19 00:00:00,2733
34/11-A-16,DST ,          ,2143.74,0.0,OIL,,2015-05-21 00:00:00,5850
34/3-1 S,DST ,          ,0.0,0.0,OIL,,2011-06-17 00:00:00,5811
34/3-1 S,MDT ,          ,3950.48,3866.0,OIL,,2015-09-08 00:00:00,5811
34/3-2 S,DST ,          ,0.0,0.0,WATER,,2011-06-17 00:00:00,6249
34/3-3 S,MDT ,          ,3928.5,3912.5,OIL,,2015-09-08 00:00:00,6588
34/4-10 R,MDT ,          ,0.0,0.0, ,,,4051
34/4-10 R,MDT ,          ,3966.5,0.0,OIL,2000-04-09 20:09:00,,4051
34/4-13 S,DST ,          ,4813.71,4803.0,OIL,2010-12-12 23:05:00,2010-11-19 00:00:00,6442
34/4-4,DST ,DST2      ,2572.0,2578.0, ,1982-12-31 08:30:00,1991-02-20 00:00:00,41
34/4-4,DST ,DST4      ,2429.0,2437.0,OIL,1983-01-22 22:00:00,1991-02-20 00:00:00,41
34/4-5,DST ,DST2      ,3462.7,3480.7, ,1984-03-30 16:15:00,1991-02-20 00:00:00,37
34/4-6,DST ,DST1      ,0.0,0.0,OIL,1986-03-18 00:00:00,1991-02-20 00:00:00,875
34/4-7,DST ,DST1      ,2579.0,2596.0, ,1987-04-02 04:00:00,1991-02-20 00:00:00,943
34/4-7,DST ,DST2      ,2506.0,2566.0, ,1987-04-19 16:00:00,1991-02-20 00:00:00,943
34/5-1 S,MDT ,          ,3690.2,0.0,OIL,,2015-08-26 00:00:00,6307
34/5-1 S,MDT ,          ,3694.1,0.0,OIL,,2015-08-26 00:00:00,6307
34/5-1 S,MDT ,          ,3688.0,0.0,OIL,,2015-08-26 00:00:00,6307
34/6-2 S,MDT ,          ,0.0,0.0,WATER,,,6971
34/7-1,DST ,DST1      ,2574.0,2581.0,OIL,1984-07-01 11:20:00,1991-02-20 00:00:00,111
34/7-1,DST ,DST2      ,2467.0,2455.0,OIL,1984-07-09 13:00:00,1991-02-20 00:00:00,111
34/7-1,DST ,DST3      ,2416.0,2409.0, ,1984-07-15 19:50:00,1990-02-20 00:00:00,111
34/7-10,DST ,TEST1     ,2606.7,2610.7, ,1986-10-07 00:00:00,1991-02-20 00:00:00,947
34/7-10,DST ,TEST2     ,2583.4,2588.9,OIL,1986-10-11 00:00:00,1991-02-20 00:00:00,947
34/7-10,DST ,TEST3     ,2535.0,2544.5, ,1986-10-17 00:00:00,1991-02-20 00:00:00,947
34/7-10,DST ,DST4      ,2549.0,2551.5, ,1986-10-22 13:14:00,1991-02-20 00:00:00,947
34/7-12,DST ,DST2      ,2229.0,2235.0, ,1987-12-03 11:30:00,1991-02-20 00:00:00,1187
34/7-12,DST ,DST3      ,2205.5,2209.5, ,1987-12-10 23:00:00,1991-02-20 00:00:00,1187
34/7-13,DST ,"DST1,1    ",2504.0,2500.0, ,1988-04-05 14:50:00,1991-02-20 00:00:00,1233
34/7-14,DST ,DST1      ,2207.3,2216.3,OIL,1989-11-19 10:00:00,1991-02-20 00:00:00,1278
34/7-14,DST ,DST2      ,2179.7,2185.7,OIL,1989-11-25 05:30:00,1991-02-20 00:00:00,1278
34/7-16,DST ,DST3      ,2401.0,2414.0,OIL,1990-10-06 21:30:00,1991-02-20 00:00:00,1550
34/7-16 R,DST ,DST2      ,2454.0,2458.0,OIL,1990-09-30 09:25:00,1991-02-20 00:00:00,1677
34/7-17 A,DST ,DST1      ,2495.0,2499.0, ,,1991-09-09 00:00:00,1536
34/7-19,DST ,TEST2     ,2455.3,2468.3, ,1991-12-10 00:15:00,1992-03-25 00:00:00,1838
34/7-21,DST ,TEST1     ,0.0,0.0,OIL,1992-12-03 09:10:00,1993-02-09 00:00:00,2026
34/7-21,DST ,TEST2     ,0.0,0.0,OIL,1992-12-05 15:40:00,1993-02-09 00:00:00,2026
34/7-3,DST ,DST1      ,2601.0,2607.5, ,1984-12-05 06:07:00,1991-02-20 00:00:00,442
34/7-3,DST ,DST3B     ,2440.9,2449.4,OIL,1984-12-25 22:10:00,1991-02-20 00:00:00,442
34/7-4,DST ,          ,2563.0,2547.0, ,,1991-02-20 00:00:00,455
34/7-4,DST ,DST1      ,0.0,0.0, ,,1995-08-09 00:00:00,455
34/7-5,DST ,DST1A     ,2502.5,2512.5, ,1985-03-08 01:00:00,1991-02-20 00:00:00,458
34/7-6,DST ,DST2      ,2572.0,2549.0,OIL,1985-05-16 00:00:00,1991-02-20 00:00:00,465
34/7-6,DST ,"TEST3,2   ",2518.5,2522.5,OIL,1985-05-26 00:00:00,1991-02-20 00:00:00,465
34/7-7,DST ,DST1      ,2561.5,2569.5,OIL,1985-11-13 15:00:00,1991-02-20 00:00:00,525
34/7-7,DST ,"DST1,1    ",0.0,0.0,OIL,1985-11-23 00:00:00,1991-02-20 00:00:00,525
34/7-7,DST ,TEST2     ,2611.0,2614.0,OIL,1985-12-08 00:00:00,1991-02-20 00:00:00,525
34/7-8,DST ,TEST1     ,2359.0,2374.0,OIL,1986-03-22 00:00:00,1991-02-20 00:00:00,878
34/7-8,DST ,"TEST1,1   ",2333.0,2348.0,OIL,1986-03-22 00:00:00,1991-02-20 00:00:00,878
34/7-8,DST ,"TEST1,2   ",2333.0,2348.0,OIL,1986-03-26 00:00:00,1991-02-20 00:00:00,878
34/7-8,DST ,"TEST2,0   ",2303.0,2308.0, ,1986-03-31 00:00:00,1991-02-20 00:00:00,878
34/7-8,DST ,TEST3     ,2250.0,2258.0,OIL,1986-04-04 21:30:00,1991-02-20 00:00:00,878
34/7-9,DST ,DST1B     ,2524.0,2527.0,OIL,1986-05-24 20:30:00,1991-02-20 00:00:00,889
34/8-1,DST ,DST1      ,2880.0,2900.0, ,1986-02-18 00:00:00,1995-08-09 00:00:00,854
34/8-1,DST ,DST2      ,2811.4,2814.4,OIL,1986-02-24 00:00:00,1991-02-28 00:00:00,854
34/8-1,DST ,DST3      ,2726.8,2765.2,CONDENSATE,1986-03-01 00:00:00,1991-02-28 00:00:00,854
34/8-10 S,DST ,DST1      ,0.0,0.0, ,1993-11-24 05:20:00,1993-12-29 00:00:00,2179
34/8-11,DST ,DST1      ,2950.1,2936.1, ,1994-01-13 08:35:00,1994-01-20 00:00:00,2180
34/8-3,DST ,          ,0.0,0.0, ,,1991-10-28 00:00:00,940
34/8-3,DST ,TEST1     ,2935.0,2947.0, ,1988-08-18 00:00:00,1991-02-28 00:00:00,940
34/8-3,DST ,DST2      ,2905.0,2921.0, ,1988-08-30 00:00:00,1991-02-28 00:00:00,940
34/8-3,DST ,DST3      ,2868.0,2880.0,CONDENSATE,1988-09-08 00:00:00,1991-02-28 00:00:00,940
34/8-3 A,DST ,          ,3071.0,3093.0, ,1988-10-20 00:00:00,1991-02-28 00:00:00,1338
34/8-3 A,DST ,DST1B     ,3071.5,3078.5, ,1988-10-23 00:00:00,1991-02-28 00:00:00,1338
34/8-4 A,DST ,DST1      ,3322.9,3340.9,OIL,1992-04-09 17:30:00,1992-04-27 00:00:00,1909
34/8-4 A,DST ,DST2      ,0.0,0.0,OIL,1992-04-22 00:00:00,1995-08-09 00:00:00,1909
34/8-4 A,DST ,DST4      ,0.0,0.0,OIL,1992-05-12 22:15:00,,1909
34/8-4 S,DST ,TEST1     ,3062.1,3079.7, ,1991-04-13 10:50:00,1991-11-05 00:00:00,1683
34/8-4 S,DST ,TEST2A    ,2994.4,3002.2, ,1991-04-27 00:00:00,1991-05-28 00:00:00,1683
34/8-4 S,DST ,TEST2B    ,2943.2,3002.2, ,1991-05-13 00:00:00,1991-05-08 00:00:00,1683
34/8-4 S,DST ,DST4      ,0.0,0.0, ,1991-06-01 00:00:00,1995-08-09 00:00:00,1683
34/8-5,DST ,          ,0.0,0.0, ,1991-04-13 00:00:00,1991-05-28 00:00:00,1719
34/8-8 R,DST ,TEST1     ,2973.2,2960.2, ,1993-02-21 12:45:00,1993-03-15 00:00:00,2080
34/8-8 R,DST ,TEST2     ,2950.0,2921.0, ,1993-02-26 13:25:00,1993-03-15 00:00:00,2080
35/11-13,DST ,TEST 1    ,0.0,0.0,OIL,2005-05-12 17:15:00,,5063
35/11-15 S,MDT ,          ,2941.0,0.0,OIL,2007-05-10 05:38:00,2011-03-10 00:00:00,5517
35/11-17,MDT ,          ,2775.9,0.0,OIL,,2014-10-15 00:00:00,7408
35/11-17,MDT ,          ,2718.9,0.0,OIL,,2014-10-15 00:00:00,7408
35/11-17,MDT ,          ,2376.0,0.0,OIL,,2014-10-15 00:00:00,7408
35/11-18 A,DST ,          ,0.0,0.0,OIL,2015-11-07 20:25:00,2016-05-27 00:00:00,7813
35/11-18 A,DST ,DST 1     ,0.0,0.0,OIL,2015-11-07 20:20:00,2016-05-27 00:00:00,7813
35/11-18 A,DST ,DST 2B    ,0.0,0.0,OIL,2015-11-22 12:10:00,2016-05-27 00:00:00,7813
35/11-18 A,DST ,DST 2B    ,0.0,0.0,OIL,2015-11-26 12:00:00,2016-05-27 00:00:00,7813
35/11-2,DST ,DST2      ,3524.0,3542.0, ,1987-11-03 00:00:00,1991-07-09 00:00:00,893
35/11-2,DST ,          ,3524.0,3542.0, ,1987-11-09 00:00:00,1991-02-28 00:00:00,893
35/11-2,DST ,DST2B     ,0.0,0.0, ,1987-11-09 00:00:00,1991-12-05 00:00:00,893
35/11-2,DST ,DST3      ,3477.0,3486.5, ,1987-11-12 00:00:00,1991-02-28 00:00:00,893
35/11-2,DST ,DST4      ,3370.0,3378.0, ,1987-11-14 00:00:00,1991-02-28 00:00:00,893
35/11-2,DST ,DST4      ,0.0,0.0, ,1987-11-14 02:00:00,1991-12-05 00:00:00,893
35/11-2,DST ,DST4      ,3427.0,3432.0, ,1987-11-14 00:00:00,1991-07-09 00:00:00,893
35/11-2,DST ,          ,3374.0,3378.0, ,1987-11-19 00:00:00,1991-02-28 00:00:00,893
35/11-2,DST ,DST 5     ,3378.0,3374.0, ,1987-11-19 00:00:00,1991-12-05 00:00:00,893
35/11-2,DST ,DST5A     ,3374.0,3378.0, ,,1991-07-09 00:00:00,893
35/11-20 S,MDT ,          ,4135.7,0.0,OIL,,2016-10-07 00:00:00,7978
35/11-4 R,DST ,DST 1     ,2674.0,2682.0,OIL,1991-12-07 14:00:00,1992-03-16 00:00:00,1883
35/11-4 R,DST ,DST 2     ,2284.0,2291.0,OIL,1991-12-16 18:00:00,1992-01-10 00:00:00,1883
35/11-4 R,DST ,DST 2B    ,0.0,0.0,OIL,1991-12-16 18:00:00,1992-03-16 00:00:00,1883
35/11-4 R,DST ,DST 3     ,2034.0,2046.0,OIL,1991-12-31 04:30:00,1992-03-16 00:00:00,1883
35/11-4 R,DST ,DST 4B    ,2000.0,2003.0,OIL,1992-01-16 12:15:00,1992-01-25 00:00:00,1883
35/11-7,DST ,DST1      ,2476.0,2499.0, ,1992-09-12 16:00:00,1992-10-01 00:00:00,1979
35/11-7,DST ,DST2      ,2476.0,2491.0,OIL,1992-09-21 16:00:00,1992-10-01 00:00:00,1979
35/11-8 S,DST ,TEST 1B   ,2931.0,2885.0, ,1996-04-21 00:00:00,1996-05-06 00:00:00,2772
35/11-8 S,DST ,TEST2     ,2892.0,2885.0, ,1996-04-27 13:47:00,1996-07-05 00:00:00,2772
35/12-4 S,DST ,          ,3127.0,3082.0,OIL,2009-02-11 07:25:00,2011-06-15 00:00:00,6589
35/3-4,DST ,DST2A     ,3445.0,3471.5, ,1981-05-25 15:40:00,1991-02-20 00:00:00,219
35/9-1,DST ,TEST1     ,2285.0,2291.8, ,1989-07-12 00:00:00,1991-02-28 00:00:00,1375
35/9-1,DST ,DST1      ,0.0,0.0, ,1989-07-12 00:00:00,1991-12-05 00:00:00,1375
35/9-1,DST ,          ,2225.4,2249.4, ,,1991-02-28 00:00:00,1375
35/9-1,DST ,DST2      ,0.0,0.0,CONDENSATE,1989-07-15 00:00:00,1991-12-05 00:00:00,1375
35/9-1,DST ,          ,2100.3,2138.3, ,,1991-02-28 00:00:00,1375
35/9-1,DST ,TEST3     ,0.0,0.0,CONDENSATE,1989-07-20 00:00:00,1991-12-05 00:00:00,1375
35/9-11 A,MDT ,          ,3495.0,0.0,WATER,2014-05-02 00:00:00,2016-05-02 00:00:00,7469
35/9-11 A,MDT ,          ,3637.8,0.0,OIL,2014-05-02 00:00:00,2016-05-02 00:00:00,7469
35/9-11 A,MDT ,          ,3272.5,0.0,OIL,2014-05-02 00:00:00,2016-05-02 00:00:00,7469
35/9-11 A,MDT ,          ,3637.8,0.0,OIL,2014-05-02 00:00:00,2016-05-02 00:00:00,7469
35/9-2,DST ,TEST-1    ,2342.0,2330.0, ,1991-02-23 02:45:00,1991-05-28 00:00:00,1600
35/9-2,DST ,TEST-2    ,2295.5,2310.5, ,1991-03-11 03:55:00,1991-05-28 00:00:00,1600
35/9-2,DST ,TEST-3    ,2187.2,2211.2,CONDENSATE,1991-03-19 02:25:00,1991-05-28 00:00:00,1600
35/9-2,DST ,TEST- 4   ,2130.0,2100.0,CONDENSATE,1991-03-27 16:00:00,1991-05-28 00:00:00,1600
35/9-7,MDT ,          ,2776.7,0.0,OIL,2012-03-30 00:00:00,2012-08-03 00:00:00,6776
35/9-7,MDT ,          ,0.0,2635.2,OIL,2012-03-30 00:00:00,2012-08-03 00:00:00,6776
35/9-8,MDT ,          ,2793.4,0.0,OIL,2013-03-17 00:00:00,2013-06-12 00:00:00,7120
35/9-8,MDT ,          ,0.0,2770.5,OIL,2013-03-17 00:00:00,2013-06-12 00:00:00,7120
36/7-1,DST ,DST1      ,2368.0,2363.0, ,1996-05-01 07:47:00,1996-08-19 00:00:00,1794
6/3-1,DST ,TEST1     ,3023.0,3015.0, ,1985-01-08 00:00:00,1991-10-01 00:00:00,450
6/3-1,DST ,TEST2     ,2993.0,2978.0, ,1985-01-15 22:30:00,1991-10-01 00:00:00,450
6/3-1,DST ,TEST3     ,2921.0,2902.0, ,1985-01-21 00:00:00,1991-10-01 00:00:00,450
6201/11-1,DST ,TEST3     ,2712.6,2716.7, ,1987-10-30 12:30:00,1991-12-05 00:00:00,1134
6201/11-3,MDT ,          ,1941.28,0.0,OIL,2012-06-05 00:00:00,2012-06-27 00:00:00,6821
6201/11-3 R,MDT ,          ,2736.3,0.0,OIL,2012-10-04 00:00:00,2013-02-07 00:00:00,7110
6201/11-3 R,MDT ,          ,0.0,2736.3,OIL,2012-10-04 00:00:00,2013-02-07 00:00:00,7110
6305/5-1,DST ,          ,0.0,0.0, ,,,3144
6305/7-1,DST ,DST 1     ,2931.0,2915.0,CONDENSATE,1998-08-23 00:00:00,2000-01-04 00:00:00,3535
6305/8-1,MDT ,MDT-1     ,2942.0,0.0,WATER,2000-08-12 00:00:00,2000-10-02 00:00:00,4109
6305/8-1,MDT ,          ,2922.0,0.0,OIL,2000-08-29 00:00:00,2016-01-07 00:00:00,4109
6306/10-1,DST ,DST2      ,2716.0,2827.0, ,1990-12-11 00:00:00,1991-03-06 00:00:00,1551
6405/7-1,DST ,          ,2811.7,2758.0,OIL,2003-10-02 21:00:00,2004-06-15 00:00:00,4749
6406/2-8,DST ,          ,4345.0,0.0,OIL,,2015-08-01 00:00:00,7618
6406/3-2,DST ,TEST2     ,3937.0,3995.0, ,1986-11-09 12:30:00,1991-12-05 00:00:00,863
6406/3-3,DST ,RFT2D     ,3994.5,0.0, ,1986-09-29 00:00:00,1991-12-05 00:00:00,949
6406/3-9,MDT ,          ,4102.15,0.0,OIL,2012-03-02 00:00:00,2012-07-19 00:00:00,6594
6406/3-9,MDT ,          ,0.0,3457.5,OIL,2012-01-22 00:00:00,2012-07-19 00:00:00,6594
6406/3-D-2 H,DST ,          ,4189.2,0.0,OIL,2010-10-21 00:00:00,2011-02-10 00:00:00,6454
6406/6-4,MDT ,          ,4008.5,0.0, ,,2015-11-13 00:00:00,7619
6406/8-1,DST ,DST2C     ,0.0,0.0, ,,,1136
6406/8-1,DST ,DST2C     ,4453.5,4413.5,WATER,1988-03-26 20:15:00,1995-08-09 00:00:00,1136
6406/9-1,DST ,          ,0.0,0.0,CONDENSATE,2005-04-30 09:00:00,2005-10-11 00:00:00,4927
6407/1-2,DST ,TEST1     ,3659.0,3669.0, ,1983-05-06 16:00:00,1991-12-05 00:00:00,61
6407/1-3,DST ,TEST1     ,3697.5,3702.5, ,1983-12-22 00:00:00,1991-12-05 00:00:00,29
6407/1-3,DST ,TEST2     ,3665.0,3670.0, ,1984-01-04 00:00:00,1991-12-05 00:00:00,29
6407/1-4,DST ,DST1      ,0.0,0.0,OIL,1996-08-03 00:00:00,1996-08-19 00:00:00,2796
6407/2-2,DST ,DST1      ,2476.0,2484.0,CONDENSATE,1983-06-25 03:00:00,1991-02-20 00:00:00,16
6407/2-3,DST ,DST1      ,2518.2,2508.7, ,1987-01-06 16:10:00,1991-02-20 00:00:00,935
6407/2-3,DST ,DST 2     ,2427.8,2435.8, ,1987-01-13 13:30:00,1991-02-20 00:00:00,935
6407/2-6 S,DST ,          ,2940.0,0.0, ,,2011-03-10 00:00:00,6351
6407/4-1,DST ,TEST2     ,3889.0,3919.0, ,1985-11-04 08:50:00,1991-12-05 00:00:00,490
6407/6-3,DST ,TEST1     ,2581.2,2574.2, ,1987-01-31 00:00:00,1991-12-05 00:00:00,1024
6407/6-3,DST ,TEST2     ,2559.2,2550.2, ,1987-02-05 00:00:00,1991-12-05 00:00:00,1024
6407/6-3,DST ,TEST3     ,2493.0,2483.0, ,1987-02-10 00:00:00,1991-12-05 00:00:00,1024
6407/7-1 S,DST ,DST2      ,3022.9,3034.4,OIL,1986-03-08 00:00:00,1991-02-28 00:00:00,474
6407/7-1 S,DST ,DST3      ,2946.5,2973.0,OIL,1986-03-16 00:00:00,1991-02-28 00:00:00,474
6407/7-1 S,DST ,DST4      ,2840.0,2886.0, ,1986-03-23 00:00:00,1991-02-28 00:00:00,474
6407/7-1 S,DST ,DST5      ,2758.0,2781.0, ,1986-03-30 00:00:00,1991-02-28 00:00:00,474
6407/7-2,DST ,          ,2869.0,2878.0, ,1987-01-06 00:00:00,1991-02-28 00:00:00,1017
6407/7-2,DST ,DST2      ,2801.5,2819.5,OIL,1987-01-12 00:00:00,1991-02-28 00:00:00,1017
6407/7-2 R,DST ,DST1      ,0.0,0.0, ,,1991-02-28 00:00:00,1513
6407/7-2 R,DST ,          ,2772.6,2878.0, ,1990-03-24 00:00:00,1991-12-05 00:00:00,1513
6407/7-3,DST ,DST2A     ,2990.0,3014.0, ,1988-05-08 00:00:00,1991-02-28 00:00:00,1229
6407/7-3,DST ,DST3      ,2852.0,2867.0, ,1988-05-11 00:00:00,1991-02-28 00:00:00,1229
6407/7-4,DST ,DST2A     ,2999.0,3008.0, ,1989-03-21 00:00:00,1991-12-05 00:00:00,1360
6407/7-4,DST ,DST 2B    ,2999.0,3008.0, ,1989-03-25 00:00:00,1991-02-28 00:00:00,1360
6407/7-6,DST ,DST 1     ,3726.0,0.0, ,2000-12-01 00:00:00,2001-02-28 00:00:00,4172
6407/7-7 S,DST ,          ,3623.0,0.0,CONDENSATE,2010-05-19 00:00:00,2011-03-10 00:00:00,5550
6407/9-1,DST ,DST1      ,1638.0,1632.0, ,1984-08-29 15:00:00,1991-12-05 00:00:00,133
6407/9-1,DST ,TEST1     ,1632.0,1638.0, ,1984-08-29 15:00:00,1991-03-06 00:00:00,133
6407/9-2,DST ,DST2      ,1651.0,1657.0, ,1985-01-16 00:00:00,1991-03-06 00:00:00,449
6407/9-3,DST ,TEST1E    ,1631.0,1643.0, ,1985-07-20 01:30:00,1991-03-16 00:00:00,469
6407/9-4,DST ,TEST2A    ,1662.0,1667.0, ,1985-08-16 23:30:00,1991-03-06 00:00:00,480
6407/9-5,DST ,DST1      ,1654.0,1661.0, ,1985-10-30 01:30:00,1991-03-06 00:00:00,492
6407/9-6,DST ,SAMPLE8   ,1637.0,1646.0, ,1986-02-18 00:00:00,1991-03-06 00:00:00,871
6506/11-2,DST ,DST1A     ,4668.0,4704.0, ,1991-08-29 16:30:00,1992-04-01 00:00:00,1754
6506/11-2,DST ,DST2      ,4553.2,4597.0, ,1991-09-10 09:00:00,1992-04-01 00:00:00,1754
6506/11-2,DST ,DST4      ,4420.0,4371.0, ,1991-09-22 20:00:00,1992-04-01 00:00:00,1754
6506/11-2,DST ,TEST5     ,4048.0,4005.0, ,1991-10-03 20:00:00,1992-04-01 00:00:00,1754
6506/11-2,DST ,TEST6     ,3373.5,3398.5, ,1991-10-10 04:30:00,1992-04-01 00:00:00,1754
6506/11-6,DST ,DST1      ,4849.0,4839.0, ,1998-07-06 08:15:00,1998-07-21 00:00:00,3306
6506/11-6,DST ,TEST2     ,4737.0,4695.0,CONDENSATE,1998-07-21 01:12:00,1998-09-16 00:00:00,3306
6506/11-6,DST ,TEST3     ,4669.0,4651.0,CONDENSATE,,1998-09-16 00:00:00,3306
6506/11-7,DST ,          ,0.0,0.0,CONDENSATE,2001-06-22 22:00:00,2011-03-10 00:00:00,3322
6506/11-7,DST ,          ,0.0,0.0,CONDENSATE,2001-07-14 00:00:00,2011-03-10 00:00:00,3322
6506/11-8,DST ,2C        ,4773.0,0.0,CONDENSATE,,2011-03-10 00:00:00,5295
6506/11-8,DST ,2B        ,0.0,4578.0,CONDENSATE,,2011-03-10 00:00:00,5295
6506/12-1,DST ,DST2      ,4351.0,4374.0, ,1984-12-11 00:00:00,1991-12-05 00:00:00,1004
6506/12-1,DST ,DST2C     ,4373.0,4351.0, ,1984-12-12 00:00:00,1991-12-05 00:00:00,1004
6506/12-1,DST ,DST3      ,4374.0,4351.0, ,1984-12-22 20:50:00,1991-12-05 00:00:00,1004
6506/12-1,DST ,DST4      ,4251.0,4261.0, ,1984-12-26 00:00:00,1991-12-05 00:00:00,1004
6506/12-1,DST ,DST4B     ,4251.0,4261.0, ,1984-12-30 10:03:00,1991-12-05 00:00:00,1004
6506/12-1,DST ,DST5B     ,4203.0,4218.0, ,1985-01-08 03:30:00,1991-12-05 00:00:00,1004
6506/12-1,DST ,DST5D     ,4203.0,4218.0, ,1985-01-14 00:00:00,1992-04-01 00:00:00,1004
6506/12-1,DST ,DST7      ,3993.0,4011.0, ,1985-01-27 00:00:00,1992-04-01 00:00:00,1004
6506/12-10 A,DST ,TEST1     ,0.0,0.0, ,1995-10-28 13:00:00,1996-04-15 00:00:00,2610
6506/12-11 S,DST ,          ,0.0,0.0, ,,,2795
6506/12-11 S,DST ,DST1      ,0.0,0.0, ,1996-08-23 09:30:00,1996-11-29 00:00:00,2795
6506/12-11 S,DST ,DST2      ,0.0,0.0, ,1996-09-03 05:30:00,1996-11-29 00:00:00,2795
6506/12-3,DST ,DST1      ,4222.0,4241.0, ,1985-05-21 23:20:00,1992-04-01 00:00:00,468
6506/12-3,DST ,DST2      ,4143.0,4148.0, ,1985-05-28 00:30:00,1992-04-01 00:00:00,468
6506/12-3,DST ,DST3      ,3960.0,3980.0, ,1985-06-04 01:30:00,1992-04-01 00:00:00,468
6506/12-3,DST ,DST4      ,3880.0,3890.0, ,1985-06-10 00:00:00,1992-04-01 00:00:00,468
6506/12-3,DST ,DST5      ,3822.0,3836.0, ,1985-07-03 10:10:00,1992-04-01 00:00:00,468
6506/12-3,DST ,DST6      ,3162.0,3173.0, ,1985-07-08 16:40:00,1992-04-01 00:00:00,468
6506/12-5,DST ,DST2      ,4004.0,4009.5, ,1986-02-21 21:46:00,1992-01-17 00:00:00,852
6506/12-5,DST ,DST2B     ,0.0,0.0, ,1986-02-23 06:45:00,1992-04-01 00:00:00,852
6506/12-5,DST ,DST4      ,3145.0,3148.5, ,1986-03-12 23:10:00,1992-04-01 00:00:00,852
6506/12-6,DST ,TEST1     ,4485.0,4496.0, ,1986-07-02 15:40:00,1992-04-01 00:00:00,1342
6506/12-6,DST ,TEST3     ,4283.0,4323.0, ,1986-07-16 08:45:00,1992-04-01 00:00:00,1342
6506/12-7,DST ,TEST1     ,4741.0,4748.0, ,1982-07-18 02:00:00,1992-04-01 00:00:00,300
6506/12-7,DST ,TEST2     ,4702.0,4707.0, ,1982-07-24 14:25:00,1992-04-01 00:00:00,300
6506/12-7,DST ,TEST3     ,4474.0,4512.0, ,1982-07-30 00:00:00,1992-04-01 00:00:00,300
6506/12-8,DST ,TEST1     ,4237.0,4277.0, ,1988-08-16 05:00:00,1992-05-02 00:00:00,1068
6506/12-8,DST ,TEST2     ,3915.0,3923.0, ,1988-08-25 01:00:00,1992-05-02 00:00:00,1068
6506/12-9 S,DST ,DST5      ,0.0,0.0,OIL,1993-08-29 18:00:00,1993-10-01 00:00:00,2128
6506/12-K-3 H,DST ,          ,0.0,0.0, ,1998-06-06 00:00:00,1998-07-23 00:00:00,3124
6506/9-3,MDT ,          ,4250.9,0.0,CONDENSATE,2013-08-16 00:00:00,2013-09-12 00:00:00,7207
6506/9-3,MDT ,          ,0.0,4305.7,CONDENSATE,2013-08-16 00:00:00,2013-09-12 00:00:00,7207
6507/10-2 S,MDT ,          ,2674.0,0.0,OIL,,2016-01-29 00:00:00,7300
6507/11-3,DST ,DST1      ,2519.0,2521.0, ,1985-08-01 16:30:00,1991-02-20 00:00:00,470
6507/11-3,DST ,DST2      ,2495.0,2508.0, ,1985-08-05 17:00:00,1991-02-20 00:00:00,470
6507/11-3,DST ,DST3      ,2412.5,2419.5, ,1985-08-10 10:53:00,1991-02-20 00:00:00,470
6507/11-9,DST ,2A        ,0.0,0.0,WATER,,,5766
6507/2-2,DST ,TEST1A    ,3294.0,3285.0,CONDENSATE,1992-02-16 23:00:00,,1840
6507/2-2,DST ,TEST2     ,2831.0,2820.0, ,1992-03-02 03:57:00,1992-03-27 00:00:00,1840
6507/2-4,DST ,          ,0.0,0.0, ,,2011-08-06 00:00:00,5685
6507/3-1,DST ,TEST3     ,3611.0,3636.0, ,1990-10-10 13:30:00,1992-05-02 00:00:00,1533
6507/5-1,DST ,DST1      ,3607.0,3653.0,OIL,1998-04-02 07:35:00,1998-04-28 00:00:00,3683
6507/5-1,DST ,DST2      ,3430.0,3442.0,CONDENSATE,1998-04-13 18:00:00,1998-04-28 00:00:00,3683
6507/5-1,DST ,DST2A     ,3494.0,3514.0,CONDENSATE,1998-04-15 21:30:00,1998-04-28 00:00:00,3683
6507/5-1,DST ,DST3      ,2993.0,3001.0,OIL,1998-04-26 08:53:00,1998-04-28 00:00:00,3683
6507/5-5,DST ,          ,0.0,0.0, ,,2011-08-06 00:00:00,4428
6507/6-2,RFT ,RFT-2A    ,2754.5,2886.5, ,1991-06-08 00:00:00,1991-07-22 00:00:00,1520
6507/7-2,DST ,          ,2417.0,2439.0, ,1985-04-29 00:00:00,1991-07-22 00:00:00,464
6507/7-2,DST ,          ,2365.0,2376.0, ,1985-04-30 00:00:00,1991-07-22 00:00:00,464
6507/7-2,DST ,DST4A     ,2330.0,2340.0, ,1985-05-24 00:00:00,1991-07-22 00:00:00,464
6507/7-2,DST ,DST5      ,2290.0,2310.0, ,1985-05-29 00:00:00,1991-07-22 00:00:00,464
6507/7-2,DST ,DST6      ,2232.0,2245.0, ,1985-06-01 00:00:00,1991-07-22 00:00:00,464
6507/7-2,DST ,DST7      ,2203.0,2222.0, ,1985-06-05 00:00:00,1991-07-22 00:00:00,464
6507/7-3,DST ,DST1      ,2413.0,2430.0, ,1985-09-03 00:00:00,1991-07-22 00:00:00,482
6507/7-3,DST ,DST2      ,2385.0,2400.0, ,1985-09-08 00:00:00,1991-07-22 00:00:00,482
6507/7-3,DST ,DST3      ,2368.0,2380.0, ,1985-09-12 00:00:00,1991-07-22 00:00:00,482
6507/7-4,DST ,DST1      ,2494.0,2499.0, ,1985-12-18 00:00:00,1991-07-22 00:00:00,853
6507/7-4,DST ,DST2      ,2470.0,2477.0, ,1985-12-24 00:00:00,1991-07-22 00:00:00,853
6507/7-4,DST ,DST3      ,2418.0,2424.0, ,1985-12-31 00:00:00,1991-07-22 00:00:00,853
6507/7-5,DST ,          ,2418.0,2424.0, ,1986-02-21 00:00:00,1991-07-22 00:00:00,879
6507/7-5,DST ,TEST1     ,0.0,0.0, ,1987-01-20 00:00:00,1992-05-02 00:00:00,879
6507/7-5,DST ,DST2      ,2355.0,2375.0, ,1986-02-25 00:00:00,1991-07-22 00:00:00,879
6507/7-5,DST ,          ,2355.0,2375.0, ,1986-03-02 00:00:00,1991-07-22 00:00:00,879
6507/7-5,DST ,TEST2A    ,2355.0,2375.0, ,1986-03-02 00:00:00,1992-05-02 00:00:00,879
6507/7-6,DST ,DST1      ,2411.5,2424.0, ,1986-08-24 00:00:00,1991-07-22 00:00:00,922
6507/7-6,DST ,DST2      ,2348.5,2365.0, ,1984-08-30 00:00:00,1991-07-22 00:00:00,922
6507/7-6,DST ,TEST2     ,0.0,0.0, ,1986-08-30 00:00:00,1992-05-02 00:00:00,922
6507/7-8,DST ,DST1      ,2473.0,2480.0, ,1987-07-19 00:00:00,1991-07-22 00:00:00,1071
6507/7-8,DST ,DST2      ,2438.0,2441.0, ,1987-07-21 00:00:00,1991-07-22 00:00:00,1071
6507/8-1,DST ,DST1      ,2444.0,2462.5, ,1986-11-30 00:00:00,1991-07-22 00:00:00,933
6507/8-1,DST ,DST2      ,2386.0,2406.0, ,1986-12-04 00:00:00,1991-07-22 00:00:00,933
6507/8-4,DST ,TEST2     ,2200.0,2221.0, ,1990-07-25 12:00:00,1992-05-02 00:00:00,1340
6507/8-4,DST ,TEST3     ,2163.5,2168.0, ,1990-07-30 23:00:00,1992-05-02 00:00:00,1340
6507/8-4,DST ,TEST4     ,2126.0,2135.0, ,1990-08-07 23:55:00,1992-05-02 00:00:00,1340
6508/1-2,MDT ,          ,1754.1,0.0,OIL,,2011-12-22 00:00:00,6551
6604/2-1,DST ,          ,3115.0,0.0,WATER,2011-04-19 00:00:00,2011-05-24 00:00:00,6568
6605/8-1,    ,          ,0.0,0.0,CONDENSATE,2005-09-22 20:00:00,2005-10-25 00:00:00,4984
6605/8-1,DST ,          ,0.0,0.0, ,,,4984
6607/12-3,MDT ,          ,0.0,0.0,CONDENSATE,,2013-05-20 00:00:00,7039
6608/10-14 S,DST ,3C        ,2568.1,0.0,OIL,,2011-03-10 00:00:00,6306
6608/10-14 S,DST ,1A        ,2692.4,0.0,OIL,,2011-03-10 00:00:00,6306
6608/10-15,MDT ,          ,0.0,1963.0,OIL,,2014-01-17 00:00:00,7245
6608/10-2,DST ,DST2      ,2673.0,2695.0, ,1992-01-04 16:30:00,1992-02-10 00:00:00,1782
6608/10-2,DST ,DST3A     ,2603.0,2606.0, ,1992-01-10 09:30:00,1992-02-10 00:00:00,1782
6608/10-2,DST ,DST3B     ,2603.0,2606.0, ,1992-01-13 20:00:00,1992-02-10 00:00:00,1782
6608/10-4,DST ,DST2      ,2582.2,2466.2,OIL,1994-02-16 00:20:00,1994-03-11 00:00:00,2256
6608/10-4,DST ,DST3AB    ,2514.0,2484.5, ,1994-02-23 20:00:00,1994-03-11 00:00:00,2256
6608/10-6,DST ,          ,0.0,0.0,OIL,,,3260
6608/10-6,MDT ,          ,1910.5,0.0,OIL,2000-01-01 00:00:00,,3260
6608/10-7,MDT ,          ,0.0,0.0,OIL,2001-04-30 02:26:00,2011-03-10 00:00:00,4273
6608/10-9,DST ,          ,2169.0,0.0,OIL,,,4668
6608/11-4,DST ,          ,1657.6,0.0,WATER,2004-05-16 00:00:00,2011-03-10 00:00:00,4939
6610/7-2,MUD ,          ,0.0,0.0,BASE OIL,,1992-05-02 00:00:00,26
6706/12-2,MDT ,          ,2599.01,0.0,OIL,,2015-05-06 00:00:00,7651
7/11-9,DST ,DST1      ,4169.0,4182.5, ,1986-03-03 00:00:00,1991-02-28 00:00:00,856
7/11-A-1,DST ,          ,0.0,0.0, ,1996-03-06 00:00:00,1996-04-15 00:00:00,832
7/11-A-8,DST ,          ,0.0,0.0, ,1996-03-05 00:00:00,1996-04-15 00:00:00,839
7/11-A-9,DST ,          ,0.0,0.0, ,1996-03-05 00:00:00,1996-04-15 00:00:00,840
7/12-2,DST ,DST1A     ,3640.2,3666.0, ,1976-09-08 00:00:00,1991-07-22 00:00:00,295
7/12-2,DST ,DST2      ,3525.0,3532.0, ,1976-09-11 00:00:00,1991-07-22 00:00:00,295
7/12-2,DST ,DST3      ,3426.5,3437.7, ,1976-09-14 00:00:00,1991-07-22 00:00:00,295
7/12-2,DST ,DST4      ,3383.7,3393.0, ,1976-09-18 00:00:00,1991-07-22 00:00:00,295
7/12-6,DST ,TEST2     ,0.0,3511.0, ,1981-07-16 00:00:00,1997-04-01 00:00:00,281
7/12-6,DST ,          ,0.0,0.0, ,1983-06-29 00:00:00,1991-10-01 00:00:00,281
7/4-2,DST ,          ,0.0,3389.0, ,,2011-08-06 00:00:00,5683
7/7-2,DST ,TEST2     ,3333.0,3342.0, ,1992-04-15 00:00:00,1992-05-02 00:00:00,1868
7/8-3,DST ,DST1      ,3762.0,3767.0, ,1983-12-02 00:00:00,1991-07-22 00:00:00,28
7/8-3,DST ,DST2      ,3734.5,3740.5, ,1983-12-05 00:00:00,1991-07-22 00:00:00,28
7119/12-3,DST ,TEST1     ,3185.0,3195.0, ,1983-09-03 13:15:00,1992-04-01 00:00:00,17
7119/9-1,RFT ,RFT 1     ,2748.0,0.0, ,1984-09-14 00:00:00,1995-08-09 00:00:00,132
7119/9-1,RFT ,RFT 2     ,3096.0,0.0, ,1985-09-15 00:00:00,1995-08-09 00:00:00,132
7120/1-2,DST ,TEST3A    ,1879.0,1971.0, ,1989-03-21 10:30:00,1992-04-01 00:00:00,1366
7120/1-2,DST ,          ,1888.0,1896.0, ,1989-03-21 00:00:00,1991-03-06 00:00:00,1366
7120/1-2,DST ,DST3B     ,1944.0,1971.0, ,1989-03-22 00:00:00,1991-03-06 00:00:00,1366
7120/12-2,DST ,          ,1985.0,1991.0,CONDENSATE,1981-09-03 00:00:00,1991-02-28 00:00:00,122
7120/1-3,DST ,          ,2315.7,0.0,OIL,2013-09-04 00:00:00,2013-09-30 00:00:00,7210
7120/1-3,DST ,          ,2361.6,0.0,OIL,2013-09-04 00:00:00,2013-09-30 00:00:00,7210
7120/2-1,DST ,          ,0.0,0.0, ,,1991-02-28 00:00:00,473
7120/2-1,DST ,          ,0.0,0.0, ,1986-08-07 00:00:00,1992-04-01 00:00:00,473
7120/6-1,DST ,DST2      ,2432.05,2436.05,OIL,1985-04-13 00:00:00,1991-02-28 00:00:00,456
7120/6-1,DST ,DST4      ,2386.0,2401.0,CONDENSATE,1985-04-25 00:00:00,1991-02-28 00:00:00,456
7120/6-2 S,DST ,0         ,2630.0,0.0,OIL,,2011-03-10 00:00:00,3558
7120/6-2 S,MDT ,          ,2632.0,0.0,OIL,2007-07-11 03:05:00,,3558
7120/7-1,DST ,TEST2     ,2415.0,2435.0, ,1982-09-29 14:00:00,1992-04-01 00:00:00,85
7120/7-2,DST ,TEST1     ,2153.0,2180.0, ,1983-08-11 18:55:00,1992-04-01 00:00:00,18
7120/8-1,DST ,DST1      ,2165.0,2172.0, ,1981-08-20 13:00:00,1992-04-01 00:00:00,120
7120/8-1,DST ,DST2      ,2133.0,2138.0, ,1981-08-26 19:00:00,1992-04-01 00:00:00,120
7120/8-1,DST ,DST3      ,2093.0,2110.0, ,1981-08-31 04:00:00,1992-04-01 00:00:00,120
7120/8-2,DST ,DST1      ,2092.0,2097.0, ,1982-07-20 17:00:00,1992-04-01 00:00:00,50
7120/9-1,DST ,DST2A     ,1869.0,1874.0, ,1982-09-17 00:00:00,1991-02-28 00:00:00,82
7121/4-1,DST ,DST1      ,2497.0,2504.0,WATER,1985-04-07 00:00:00,1992-04-01 00:00:00,135
7121/4-1,DST ,DST2      ,2471.0,2465.0,CONDENSATE,1984-10-05 00:04:00,1991-02-28 00:00:00,135
7121/4-1,DST ,DST3      ,2419.8,2434.8,OIL,1984-10-10 00:00:00,1992-04-01 00:00:00,135
7121/4-1,DST ,DST4      ,2353.0,2385.0,CONDENSATE,1984-10-17 00:00:00,1992-04-01 00:00:00,135
7121/5-1,DST ,DST1      ,2436.0,2439.0, ,1985-09-04 00:15:00,1992-04-01 00:00:00,479
7121/7-1,DST ,DST2      ,1866.0,1871.0, ,1984-07-23 00:00:00,1992-04-01 00:00:00,130
7121/7-2,DST ,DST1      ,2180.0,2153.0, ,1986-08-07 00:00:00,,881
7121/7-2,FMT ,          ,0.0,1899.0, ,1986-08-01 00:00:00,,881
7121/7-2,MDT ,          ,0.0,0.0, ,,,881
7122/6-1,DST ,          ,2424.0,2434.0, ,1987-11-03 00:00:00,1990-11-30 00:00:00,1140
7122/7-1,DST ,MDT-1     ,1114.4,0.0,OIL,2000-09-30 21:00:00,2000-10-24 00:00:00,4173
7122/7-2,DST ,          ,0.0,0.0,OIL,,2011-08-06 00:00:00,4391
7122/7-3,MDT ,          ,0.0,1195.6, ,2005-11-30 00:00:00,2006-01-03 00:00:00,5214
7122/7-3,MDT ,          ,1812.0,0.0, ,2005-12-17 00:00:00,2006-01-03 00:00:00,5214
7122/7-4 S,DST ,          ,0.0,0.0, ,,2011-08-06 00:00:00,5406
7128/4-1,DST ,DST1-1A   ,1610.0,1595.0, ,1994-02-09 00:00:00,1994-12-07 00:00:00,2049
7128/4-1,DST ,DST1A-1B  ,1610.0,1577.0, ,1994-02-10 21:00:00,,2049
7128/4-1,DST ,DST2      ,1577.0,0.0, ,1994-02-17 14:15:00,1994-03-11 00:00:00,2049
7219/12-1,MDT ,          ,0.0,0.0, ,,,8024
7219/12-1,MDT ,          ,1628.0,0.0,OIL,,2017-02-08 00:00:00,8024
7220/11-1,DST ,1A        ,1946.5,1937.0,OIL,2014-10-02 00:00:00,2014-12-12 00:00:00,7503
7220/11-1,DST ,1B        ,1921.0,1913.0,OIL,2014-10-05 00:00:00,2014-12-12 00:00:00,7503
7220/11-2 A,MDT ,          ,0.0,0.0,OIL,2015-06-04 00:00:00,2015-07-01 00:00:00,7693
7220/11-2 A,MDT ,          ,0.0,0.0,OIL,2015-06-04 00:00:00,2015-07-01 00:00:00,7693
7220/5-1,MDT ,          ,1404.0,0.0,OIL,,2012-07-19 00:00:00,6775
7220/5-1,MDT ,          ,1404.1,0.0,OIL,,2012-07-19 00:00:00,6775
7220/5-1,MDT ,          ,0.0,1381.0,OIL,,2012-07-19 00:00:00,6775
7220/7-1,MDT ,          ,1894.0,0.0,OIL,,2012-07-19 00:00:00,6756
7220/7-1,MDT ,          ,1793.0,0.0,OIL,2012-01-11 00:00:00,2012-07-19 00:00:00,6756
7220/7-1,MDT ,          ,1793.0,0.0,OIL,2012-01-11 00:00:00,2012-07-19 00:00:00,6756
7220/7-2 S,MDT ,          ,1165.0,0.0,OIL,2014-03-07 00:00:00,2012-03-12 00:00:00,7252
7220/7-2 S,MDT ,          ,1302.32,0.0,OIL,2014-03-19 00:00:00,2014-03-25 00:00:00,7252
7220/7-3 S,MDT ,          ,1543.3,0.0,OIL,2014-09-23 00:00:00,2014-09-26 00:00:00,7414
7220/7-3 S,MDT ,          ,1952.2,0.0,OIL,2014-09-23 00:00:00,2014-09-26 00:00:00,7414
7220/8-1,MDT ,          ,1380.5,0.0,OIL,2011-04-13 00:00:00,2011-08-06 00:00:00,6484
7222/6-1 S,DST ,"1,01      ",1633.8,0.0,OIL,2008-02-22 14:05:00,2011-03-10 00:00:00,5755
7224/7-1,RFT ,RFT       ,902.0,0.0, ,,,1245
7228/7-1 A,MDT ,          ,2091.1,0.0,CONDENSATE,2001-07-23 00:00:00,2013-03-10 00:00:00,4257
7228/7-1 A,MDT ,          ,0.0,0.0,CONDENSATE,2001-07-23 00:00:00,2011-03-10 00:00:00,4257
7324/7-2,MDT ,          ,714.8,0.0,OIL,,2016-01-20 00:00:00,7450
7324/7-2,MDT ,          ,731.5,0.0,OIL,,2017-03-13 00:00:00,7450
7324/7-3 S,DST ,          ,803.0,0.0,OIL,,2016-08-11 00:00:00,7875
7324/7-3 S,DST ,          ,2232.49,1771.03,OIL,,2016-08-11 00:00:00,7875
7324/8-1,MDT ,          ,664.0,0.0,OIL,,2015-07-20 00:00:00,7221
7324/8-1,MDT ,          ,678.0,0.0,OIL,,2015-07-20 00:00:00,7221
9/2-1,DST ,TEST3     ,3177.0,3210.0, ,1987-04-20 00:00:00,1991-10-01 00:00:00,1038
9/2-3,DST ,TEST1     ,3258.0,3268.0, ,1990-01-29 05:55:00,1991-10-01 00:00:00,1294
